Ticker,Company,Ind
AADI,"Aadi Bioscience, Inc.",RUSSEL 2000
AAN,"Aaron's Company, Inc.",RUSSEL 2000
AAON,"AAON, INC.",RUSSEL 2000
AAT,"American Assets Trust, Inc.",RUSSEL 2000
ABCB,Ameris Bancorp,RUSSEL 2000
ABG,ASBURY AUTOMOTIVE GROUP INC,RUSSEL 2000
ABM,ABM INDUSTRIES INC /DE/,RUSSEL 2000
ABR,ARBOR REALTY TRUST INC,RUSSEL 2000
ABUS,Arbutus Biopharma Corp,RUSSEL 2000
ACA,"Arcosa, Inc.",RUSSEL 2000
ACAD,ACADIA PHARMACEUTICALS INC,RUSSEL 2000
ACCD,"Accolade, Inc.",RUSSEL 2000
ACCO,ACCO BRANDS Corp,RUSSEL 2000
ACDC,ProFrac Holding Corp.,RUSSEL 2000
ACEL,"Accel Entertainment, Inc.",RUSSEL 2000
ACET,"Adicet Bio, Inc.",RUSSEL 2000
ACHR,Archer Aviation Inc.,RUSSEL 2000
ACIC,AMERICAN COASTAL INSURANCE Corp,RUSSEL 2000
ACIW,"ACI WORLDWIDE, INC.",RUSSEL 2000
ACLS,AXCELIS TECHNOLOGIES INC,RUSSEL 2000
ACLX,"Arcellx, Inc.",RUSSEL 2000
ACMR,"ACM Research, Inc.",RUSSEL 2000
ACNB,ACNB CORP,RUSSEL 2000
ACRE,Ares Commercial Real Estate Corp,RUSSEL 2000
ACRS,"Aclaris Therapeutics, Inc.",RUSSEL 2000
ACRV,"Acrivon Therapeutics, Inc.",RUSSEL 2000
ACT,"Enact Holdings, Inc.",RUSSEL 2000
ACTG,ACACIA RESEARCH CORP,RUSSEL 2000
ACVA,ACV Auctions Inc.,RUSSEL 2000
ADEA,Adeia Inc.,RUSSEL 2000
ADMA,"ADMA BIOLOGICS, INC.",RUSSEL 2000
ADNT,Adient plc,RUSSEL 2000
ADPT,Adaptive Biotechnologies Corp,RUSSEL 2000
ADTN,"ADTRAN Holdings, Inc.",RUSSEL 2000
ADUS,Addus HomeCare Corp,RUSSEL 2000
ADV,Advantage Solutions Inc.,RUSSEL 2000
AEHR,AEHR TEST SYSTEMS,RUSSEL 2000
AEIS,ADVANCED ENERGY INDUSTRIES INC,RUSSEL 2000
AEL,AMERICAN EQUITY INVESTMENT LIFE HOLDING CO,RUSSEL 2000
AEO,AMERICAN EAGLE OUTFITTERS INC,RUSSEL 2000
AESI,Atlas Energy Solutions Inc. Class A Common Stock,RUSSEL 2000
AEVA,"Aeva Technologies, Inc.",RUSSEL 2000
AFCG,"AFC Gamma, Inc.",RUSSEL 2000
AFRI,Forafric Global PLC,RUSSEL 2000
AGEN,AGENUS INC,RUSSEL 2000
AGIO,"AGIOS PHARMACEUTICALS, INC.",RUSSEL 2000
AGM,FEDERAL AGRICULTURAL MORTGAGE CORP,RUSSEL 2000
AGS,"PlayAGS, Inc.",RUSSEL 2000
AGTI,"AGILITI, INC. \DE",RUSSEL 2000
AGX,ARGAN INC,RUSSEL 2000
AGYS,AGILYSYS INC,RUSSEL 2000
AHCO,AdaptHealth Corp.,RUSSEL 2000
AHH,"Armada Hoffler Properties, Inc.",RUSSEL 2000
AI,"C3.ai, Inc.",RUSSEL 2000
AIN,ALBANY INTERNATIONAL CORP /DE/,RUSSEL 2000
AIR,AAR CORP,RUSSEL 2000
AIRS,"Airsculpt Technologies, Inc.",RUSSEL 2000
AIT,APPLIED INDUSTRIAL TECHNOLOGIES INC,RUSSEL 2000
AIV,APARTMENT INVESTMENT & MANAGEMENT CO,RUSSEL 2000
AKR,ACADIA REALTY TRUST,RUSSEL 2000
AKRO,"Akero Therapeutics, Inc.",RUSSEL 2000
AKTS,"Akoustis Technologies, Inc.",RUSSEL 2000
AKYA,"Akoya Biosciences, Inc.",RUSSEL 2000
ALCO,"ALICO, INC.",RUSSEL 2000
ALDX,"Aldeyra Therapeutics, Inc.",RUSSEL 2000
ALE,ALLETE INC,RUSSEL 2000
ALEC,"Alector, Inc.",RUSSEL 2000
ALEX,"Alexander & Baldwin, Inc.",RUSSEL 2000
ALG,ALAMO GROUP INC,RUSSEL 2000
ALGT,Allegiant Travel CO,RUSSEL 2000
ALHC,"Alignment Healthcare, Inc.",RUSSEL 2000
ALIT,"Alight, Inc. / Delaware",RUSSEL 2000
ALKS,Alkermes plc.,RUSSEL 2000
ALKT,"ALKAMI TECHNOLOGY, INC.",RUSSEL 2000
ALLK,Allakos Inc.,RUSSEL 2000
ALLO,"Allogene Therapeutics, Inc.",RUSSEL 2000
ALNT,ALLIENT INC,RUSSEL 2000
ALPN,"ALPINE IMMUNE SCIENCES, INC.",RUSSEL 2000
ALRM,"Alarm.com Holdings, Inc.",RUSSEL 2000
ALRS,ALERUS FINANCIAL CORP,RUSSEL 2000
ALT,"Altimmune, Inc.",RUSSEL 2000
ALTG,ALTA EQUIPMENT GROUP INC.,RUSSEL 2000
ALTI,"AlTi Global, Inc.",RUSSEL 2000
ALTM,Altus Midstream Co,RUSSEL 2000
ALTR,Altair Engineering Inc.,RUSSEL 2000
ALVR,"Allovir, Inc.",RUSSEL 2000
ALX,ALEXANDERS INC,RUSSEL 2000
ALXO,ALX ONCOLOGY HOLDINGS INC,RUSSEL 2000
AMAL,Amalgamated Financial Corp.,RUSSEL 2000
AMBA,AMBARELLA INC,RUSSEL 2000
AMBC,AMBAC FINANCIAL GROUP INC,RUSSEL 2000
AMCX,AMC Networks Inc.,RUSSEL 2000
AMEH,Apollo Medical Holdings Inc,RUSSEL 2000
AMK,"AMKOR TECHNOLOGY, INC.",RUSSEL 2000
AMKR,"AMKOR TECHNOLOGY, INC.",RUSSEL 2000
AMLX,"Amylyx Pharmaceuticals, Inc.",RUSSEL 2000
AMN,AMN HEALTHCARE SERVICES INC,RUSSEL 2000
AMNB,AMERICAN NATIONAL BANKSHARES INC.,RUSSEL 2000
AMPH,"Amphastar Pharmaceuticals, Inc.",RUSSEL 2000
AMPL,"Amplitude, Inc.",RUSSEL 2000
AMPS,"Altus Power, Inc.",RUSSEL 2000
AMPX,"Amprius Technologies, Inc.",RUSSEL 2000
AMPY,Amplify Energy Corp.,RUSSEL 2000
AMR,"Alpha Metallurgical Resources, Inc.",RUSSEL 2000
AMRC,"Ameresco, Inc.",RUSSEL 2000
AMRK,"A-Mark Precious Metals, Inc.",RUSSEL 2000
AMRX,"Amneal Pharmaceuticals, Inc.",RUSSEL 2000
AMSF,AMERISAFE INC,RUSSEL 2000
AMSWA,American Software Inc-GA,RUSSEL 2000
AMTB,Amerant Bancorp Inc.,RUSSEL 2000
AMWD,AMERICAN WOODMARK CORP,RUSSEL 2000
AMWL,American Well Corp,RUSSEL 2000
ANAB,"ANAPTYSBIO, INC",RUSSEL 2000
ANDE,"Andersons, Inc.",RUSSEL 2000
ANF,ABERCROMBIE & FITCH CO /DE/,RUSSEL 2000
ANGO,ANGIODYNAMICS INC,RUSSEL 2000
ANIK,"Anika Therapeutics, Inc.",RUSSEL 2000
ANIP,ANI PHARMACEUTICALS INC,RUSSEL 2000
ANNX,"Annexon, Inc.",RUSSEL 2000
AOMR,"Angel Oak Mortgage REIT, Inc.",RUSSEL 2000
AORT,"ARTIVION, INC.",RUSSEL 2000
AOSL,ALPHA & OMEGA SEMICONDUCTOR Ltd,RUSSEL 2000
APAM,Artisan Partners Asset Management Inc.,RUSSEL 2000
APG,APi Group Corp,RUSSEL 2000
APGE,"Apogee Therapeutics, Inc.",RUSSEL 2000
APLD,Applied Digital Corp.,RUSSEL 2000
APLE,"Apple Hospitality REIT, Inc.",RUSSEL 2000
APOG,"APOGEE ENTERPRISES, INC.",RUSSEL 2000
APPF,APPFOLIO INC,RUSSEL 2000
APPN,APPIAN CORP,RUSSEL 2000
APPS,"Digital Turbine, Inc.",RUSSEL 2000
ARAY,ACCURAY INC,RUSSEL 2000
ARCB,ARCBEST CORP /DE/,RUSSEL 2000
ARCH,"ARCH RESOURCES, INC.",RUSSEL 2000
ARCT,Arcturus Therapeutics Holdings Inc.,RUSSEL 2000
ARDX,"ARDELYX, INC.",RUSSEL 2000
ARI,"Apollo Commercial Real Estate Finance, Inc.",RUSSEL 2000
ARIS,"Aris Water Solutions, Inc.",RUSSEL 2000
ARKO,ARKO Corp.,RUSSEL 2000
ARL,AMERICAN REALTY INVESTORS INC,RUSSEL 2000
ARLO,"Arlo Technologies, Inc.",RUSSEL 2000
AROC,"Archrock, Inc.",RUSSEL 2000
AROW,ARROW FINANCIAL CORP,RUSSEL 2000
ARQT,Arcutis Biotherapeutics Inc,RUSSEL 2000
ARR,"Armour Residential REIT, Inc.",RUSSEL 2000
ARRY,"Array Technologies, Inc.",RUSSEL 2000
ARTNA,ARTESIAN RESOURCES CORP,RUSSEL 2000
ARVN,"ARVINAS, INC.",RUSSEL 2000
ARWR,"ARROWHEAD PHARMACEUTICALS, INC.",RUSSEL 2000
ASAN,"Asana, Inc.",RUSSEL 2000
ASB,ASSOCIATED BANC-CORP,RUSSEL 2000
ASC,Ardmore Shipping Corp,RUSSEL 2000
ASGN,ASGN Inc,RUSSEL 2000
ASIX,AdvanSix Inc.,RUSSEL 2000
ASLE,AerSale Corp,RUSSEL 2000
ASO,"Academy Sports & Outdoors, Inc.",RUSSEL 2000
ASPN,ASPEN AEROGELS INC,RUSSEL 2000
ASRT,"Assertio Holdings, Inc.",RUSSEL 2000
ASTE,ASTEC INDUSTRIES INC,RUSSEL 2000
ASTS,"AST SpaceMobile, Inc.",RUSSEL 2000
ASUR,ASURE SOFTWARE INC,RUSSEL 2000
ATEC,"Alphatec Holdings, Inc.",RUSSEL 2000
ATEN,A10 Networks Inc,RUSSEL 2000
ATEX,Anterix Inc.,RUSSEL 2000
ATGE,Adtalem Global Education Inc.,RUSSEL 2000
ATI,ATI INC,RUSSEL 2000
ATKR,Atkore Inc.,RUSSEL 2000
ATLC,Atlanticus Holdings Corp,RUSSEL 2000
ATLO,AMES NATIONAL CORP,RUSSEL 2000
ATMU,Atmus Filtration Technologies Inc.,RUSSEL 2000
ATNI,"ATN International, Inc.",RUSSEL 2000
ATNM,"Actinium Pharmaceuticals, Inc.",RUSSEL 2000
ATOM,Atomera Inc,RUSSEL 2000
ATRA,"Atara Biotherapeutics, Inc.",RUSSEL 2000
ATRC,"AtriCure, Inc.",RUSSEL 2000
ATRI,ATRION CORP,RUSSEL 2000
ATRO,ASTRONICS CORP,RUSSEL 2000
ATSG,"Air Transport Services Group, Inc.",RUSSEL 2000
ATXS,"Astria Therapeutics, Inc.",RUSSEL 2000
AUB,Atlantic Union Bankshares Corp,RUSSEL 2000
AUPH,Aurinia Pharmaceuticals Inc.,RUSSEL 2000
AUR,"Aurora Innovation, Inc.",RUSSEL 2000
AURA,"Aura Biosciences, Inc.",RUSSEL 2000
AVA,AVISTA CORP,RUSSEL 2000
AVAH,"Aveanna Healthcare Holdings, Inc.",RUSSEL 2000
AVAV,AeroVironment Inc,RUSSEL 2000
AVD,AMERICAN VANGUARD CORP,RUSSEL 2000
AVDX,"AvidXchange Holdings, Inc.",RUSSEL 2000
AVIR,"Atea Pharmaceuticals, Inc.",RUSSEL 2000
AVNS,"AVANOS MEDICAL, INC.",RUSSEL 2000
AVNT,AVIENT CORP,RUSSEL 2000
AVNW,"AVIAT NETWORKS, INC.",RUSSEL 2000
AVO,"Mission Produce, Inc.",RUSSEL 2000
AVPT,"AvePoint, Inc.",RUSSEL 2000
AVTE,"Aerovate Therapeutics, Inc.",RUSSEL 2000
AVXL,ANAVEX LIFE SCIENCES CORP.,RUSSEL 2000
AWR,AMERICAN STATES WATER CO,RUSSEL 2000
AX,"Axos Financial, Inc.",RUSSEL 2000
AXGN,"Axogen, Inc.",RUSSEL 2000
AXL,AMERICAN AXLE & MANUFACTURING HOLDINGS INC,RUSSEL 2000
AXNX,"Axonics, Inc.",RUSSEL 2000
AXSM,"Axsome Therapeutics, Inc.",RUSSEL 2000
AZZ,AZZ INC,RUSSEL 2000
B,BARNES GROUP INC,RUSSEL 2000
BALY,Bally's Corp,RUSSEL 2000
BANC,"BANC OF CALIFORNIA, INC.",RUSSEL 2000
BAND,Bandwidth Inc.,RUSSEL 2000
BANF,BANCFIRST CORP /OK/,RUSSEL 2000
BANR,BANNER CORP,RUSSEL 2000
BARK,"Bark, Inc.",RUSSEL 2000
BASE,"Couchbase, Inc.",RUSSEL 2000
BATRA,"Atlanta Braves Holdings, Inc.",RUSSEL 2000
BATRK,"Atlanta Braves Holdings, Inc.",RUSSEL 2000
BBAI,"BigBear.ai Holdings, Inc.",RUSSEL 2000
BBCP,"Concrete Pumping Holdings, Inc.",RUSSEL 2000
BBIO,"BridgeBio Pharma, Inc.",RUSSEL 2000
BBSI,BARRETT BUSINESS SERVICES INC,RUSSEL 2000
BBUC,Brookfield Business Corp,RUSSEL 2000
BBW,BUILD-A-BEAR WORKSHOP INC,RUSSEL 2000
BCAB,"BioAtla, Inc.",RUSSEL 2000
BCBP,BCB BANCORP INC,RUSSEL 2000
BCC,BOISE CASCADE Co,RUSSEL 2000
BCML,BayCom Corp,RUSSEL 2000
BCO,BRINKS CO,RUSSEL 2000
BCOV,BRIGHTCOVE INC,RUSSEL 2000
BCPC,BALCHEM CORP,RUSSEL 2000
BCRX,BIOCRYST PHARMACEUTICALS INC,RUSSEL 2000
BDC,BELDEN INC.,RUSSEL 2000
BDN,BRANDYWINE REALTY TRUST,RUSSEL 2000
BE,Bloom Energy Corp,RUSSEL 2000
BEAM,Beam Therapeutics Inc.,RUSSEL 2000
BECN,BEACON ROOFING SUPPLY INC,RUSSEL 2000
BELFB,BEL FUSE INC /NJ,RUSSEL 2000
BFC,Bank First Corp,RUSSEL 2000
BFH,"BREAD FINANCIAL HOLDINGS, INC.",RUSSEL 2000
BFLY,"Butterfly Network, Inc.",RUSSEL 2000
BFS,"SAUL CENTERS, INC.",RUSSEL 2000
BFST,"Business First Bancshares, Inc.",RUSSEL 2000
BGC,"BGC Group, Inc.",RUSSEL 2000
BGFV,BIG 5 SPORTING GOODS Corp,RUSSEL 2000
BGS,"B&G Foods, Inc.",RUSSEL 2000
BGXX,Bright Green Corp,RUSSEL 2000
BH,Biglari Holdings Inc.,RUSSEL 2000
BHB,BAR HARBOR BANKSHARES,RUSSEL 2000
BHE,BENCHMARK ELECTRONICS INC,RUSSEL 2000
BHIL,"Benson Hill, Inc.",RUSSEL 2000
BHLB,BERKSHIRE HILLS BANCORP INC,RUSSEL 2000
BHR,Braemar Hotels & Resorts Inc.,RUSSEL 2000
BHRB,Burke & Herbert Financial Services Corp.,RUSSEL 2000
BHVN,Biohaven Ltd.,RUSSEL 2000
BIG,BIG LOTS INC,RUSSEL 2000
BIGC,"BigCommerce Holdings, Inc.",RUSSEL 2000
BIPC,Brookfield Infrastructure Corp,RUSSEL 2000
BIRD,"Allbirds, Inc.",RUSSEL 2000
BJRI,BJs RESTAURANTS INC,RUSSEL 2000
BKD,Brookdale Senior Living Inc.,RUSSEL 2000
BKE,BUCKLE INC,RUSSEL 2000
BKH,BLACK HILLS CORP /SD/,RUSSEL 2000
BKKT,"Bakkt Holdings, Inc.",RUSSEL 2000
BKSY,BlackSky Technology Inc.,RUSSEL 2000
BKU,"BankUnited, Inc.",RUSSEL 2000
BL,"BLACKLINE, INC.",RUSSEL 2000
BLBD,Blue Bird Corp,RUSSEL 2000
BLDE,"Blade Air Mobility, Inc.",RUSSEL 2000
BLFS,BIOLIFE SOLUTIONS INC,RUSSEL 2000
BLFY,Blue Foundry Bancorp,RUSSEL 2000
BLKB,BLACKBAUD INC,RUSSEL 2000
BLMN,"Bloomin' Brands, Inc.",RUSSEL 2000
BLNK,Blink Charging Co.,RUSSEL 2000
BLUE,"bluebird bio, Inc.",RUSSEL 2000
BLX,"FOREIGN TRADE BANK OF LATIN AMERICA, INC.",RUSSEL 2000
BMBL,Bumble Inc.,RUSSEL 2000
BMEA,"Biomea Fusion, Inc.",RUSSEL 2000
BMI,BADGER METER INC,RUSSEL 2000
BMRC,Bank of Marin Bancorp,RUSSEL 2000
BNL,"Broadstone Net Lease, Inc.",RUSSEL 2000
BOC,BOSTON OMAHA Corp,RUSSEL 2000
BOH,BANK OF HAWAII CORP,RUSSEL 2000
BOOM,DMC Global Inc.,RUSSEL 2000
BOOT,"Boot Barn Holdings, Inc.",RUSSEL 2000
BORR,Borr Drilling Ltd,RUSSEL 2000
BOWL,Bowlero Corp.,RUSSEL 2000
BOX,BOX INC,RUSSEL 2000
BPMC,Blueprint Medicines Corp,RUSSEL 2000
BPRN,"Princeton Bancorp, Inc.",RUSSEL 2000
BRBR,"BELLRING BRANDS, INC.",RUSSEL 2000
BRBS,Blue Ridge Bankshares Inc,RUSSEL 2000
BRCC,BRC Inc.,RUSSEL 2000
BRKL,BROOKLINE BANCORP INC,RUSSEL 2000
BRP,CALERES INC,RUSSEL 2000
BRSP,"BrightSpire Capital, Inc.",RUSSEL 2000
BRT,BRT Apartments Corp.,RUSSEL 2000
BRY,Berry Corp (bry),RUSSEL 2000
BRZE,"Braze, Inc.",RUSSEL 2000
BSIG,BrightSphere Investment Group Inc.,RUSSEL 2000
BSRR,SIERRA BANCORP,RUSSEL 2000
BSVN,Bank7 Corp.,RUSSEL 2000
BTAI,"BioXcel Therapeutics, Inc.",RUSSEL 2000
BTBT,"Bit Digital, Inc",RUSSEL 2000
BTMD,biote Corp.,RUSSEL 2000
BTU,PEABODY ENERGY CORP,RUSSEL 2000
BUSE,FIRST BUSEY CORP /NV/,RUSSEL 2000
BV,"BrightView Holdings, Inc.",RUSSEL 2000
BW,"Babcock & Wilcox Enterprises, Inc.",RUSSEL 2000
BWB,Bridgewater Bancshares Inc,RUSSEL 2000
BWFG,"Bankwell Financial Group, Inc.",RUSSEL 2000
BWMN,Bowman Consulting Group Ltd.,RUSSEL 2000
BXC,BlueLinx Holdings Inc.,RUSSEL 2000
BXMT,"BLACKSTONE MORTGAGE TRUST, INC.",RUSSEL 2000
BY,"BYLINE BANCORP, INC.",RUSSEL 2000
BYND,"BEYOND MEAT, INC.",RUSSEL 2000
BYON,"BEYOND, INC.",RUSSEL 2000
BZH,BEAZER HOMES USA INC,RUSSEL 2000
CABA,"Cabaletta Bio, Inc.",RUSSEL 2000
CAC,CAMDEN NATIONAL CORP,RUSSEL 2000
CADE,Cadence BanCorp,RUSSEL 2000
CAKE,Cheesecake Factory Inc-The,RUSSEL 2000
CAL,CALERES INC,RUSSEL 2000
CALM,CAL-MAINE FOODS INC,RUSSEL 2000
CALX,"CALIX, INC",RUSSEL 2000
CARA,"Cara Therapeutics, Inc.",RUSSEL 2000
CARE,"Carter Bankshares, Inc.",RUSSEL 2000
CARG,"CarGurus, Inc.",RUSSEL 2000
CARM,Carisma Therapeutics Inc.,RUSSEL 2000
CARS,Cars.com Inc.,RUSSEL 2000
CASH,"PATHWARD FINANCIAL, INC.",RUSSEL 2000
CASS,CASS INFORMATION SYSTEMS INC,RUSSEL 2000
CATC,CAMBRIDGE BANCORP,RUSSEL 2000
CATO,CATO CORP,RUSSEL 2000
CATY,CATHAY GENERAL BANCORP,RUSSEL 2000
CBAN,COLONY BANKCORP INC,RUSSEL 2000
CBAY,"CymaBay Therapeutics, Inc.",RUSSEL 2000
CBL,CBL & ASSOCIATES PROPERTIES INC,RUSSEL 2000
CBNK,Capital Bancorp Inc,RUSSEL 2000
CBRL,"CRACKER BARREL OLD COUNTRY STORE, INC",RUSSEL 2000
CBT,CABOT CORP,RUSSEL 2000
CBU,"COMMUNITY BANK SYSTEM, INC.",RUSSEL 2000
CBZ,"CBIZ, Inc.",RUSSEL 2000
CCB,COASTAL FINANCIAL CORP,RUSSEL 2000
CCBG,CAPITAL CITY BANK GROUP INC,RUSSEL 2000
CCNE,CNB FINANCIAL CORP/PA,RUSSEL 2000
CCO,"Clear Channel Outdoor Holdings, Inc.",RUSSEL 2000
CCOI,"COGENT COMMUNICATIONS HOLDINGS, INC.",RUSSEL 2000
CCRD,CoreCard Corp,RUSSEL 2000
CCRN,CROSS COUNTRY HEALTHCARE INC,RUSSEL 2000
CCS,"Century Communities, Inc.",RUSSEL 2000
CCSI,"Consensus Cloud Solutions, Inc.",RUSSEL 2000
CDE,"Coeur Mining, Inc.",RUSSEL 2000
CDLX,"Cardlytics, Inc.",RUSSEL 2000
CDMO,"Avid Bioservices, Inc.",RUSSEL 2000
CDNA,"CareDx, Inc.",RUSSEL 2000
CDP,COPT DEFENSE PROPERTIES,RUSSEL 2000
CDRE,"Cadre Holdings, Inc.",RUSSEL 2000
CDXS,"CODEXIS, INC.",RUSSEL 2000
CDZI,CADIZ INC,RUSSEL 2000
CECO,CECO ENVIRONMENTAL CORP,RUSSEL 2000
CEIX,CONSOL Energy Inc.,RUSSEL 2000
CELC,Celcuity Inc.,RUSSEL 2000
CENT,CENTRAL GARDEN & PET CO,RUSSEL 2000
CENTA,CENTRAL GARDEN & PET CO,RUSSEL 2000
CENX,CENTURY ALUMINUM CO,RUSSEL 2000
CERE,"Cerevel Therapeutics Holdings, Inc.",RUSSEL 2000
CERS,CERUS CORP,RUSSEL 2000
CEVA,CEVA INC,RUSSEL 2000
CFB,"CROSSFIRST BANKSHARES, INC.",RUSSEL 2000
CFFI,C & F FINANCIAL CORP,RUSSEL 2000
CFFN,Capitol Federal Financial Inc,RUSSEL 2000
CGEM,"Cullinan Oncology, Inc.",RUSSEL 2000
CHCO,CITY HOLDING CO,RUSSEL 2000
CHCT,Community Healthcare Trust Inc,RUSSEL 2000
CHEF,"Chefs' Warehouse, Inc.",RUSSEL 2000
CHGG,"CHEGG, INC",RUSSEL 2000
CHMG,CHEMUNG FINANCIAL CORP,RUSSEL 2000
CHRD,Chord Energy Corp,RUSSEL 2000
CHRS,"Coherus BioSciences, Inc.",RUSSEL 2000
CHUY,"CHUY'S HOLDINGS, INC.",RUSSEL 2000
CHX,ChampionX Corp,RUSSEL 2000
CIFR,Cipher Mining Inc.,RUSSEL 2000
CIM,CHIMERA INVESTMENT CORP,RUSSEL 2000
CIO,"City Office REIT, Inc.",RUSSEL 2000
CIVB,"CIVISTA BANCSHARES, INC.",RUSSEL 2000
CIVI,"CIVITAS RESOURCES, INC.",RUSSEL 2000
CIX,COMPX INTERNATIONAL INC,RUSSEL 2000
CLAR,Clarus Corp,RUSSEL 2000
CLB,Core Laboratories NV,RUSSEL 2000
CLBK,"Columbia Financial, Inc.",RUSSEL 2000
CLDT,Chatham Lodging Trust,RUSSEL 2000
CLDX,"Celldex Therapeutics, Inc.",RUSSEL 2000
CLFD,"Clearfield, Inc.",RUSSEL 2000
CLMB,"Climb Global Solutions, Inc.",RUSSEL 2000
CLNE,Clean Energy Fuels Corp.,RUSSEL 2000
CLPR,Clipper Realty Inc.,RUSSEL 2000
CLPT,"ClearPoint Neuro, Inc.",RUSSEL 2000
CLSK,"CLEANSPARK, INC.",RUSSEL 2000
CLW,Clearwater Paper Corp,RUSSEL 2000
CMAX,"CareMax, Inc.",RUSSEL 2000
CMBM,Cambium Networks Corp,RUSSEL 2000
CMC,COMMERCIAL METALS Co,RUSSEL 2000
CMCL,Caledonia Mining Corp Plc,RUSSEL 2000
CMCO,COLUMBUS MCKINNON CORP,RUSSEL 2000
CMP,COMPASS MINERALS INTERNATIONAL INC,RUSSEL 2000
CMPO,"CompoSecure, Inc.",RUSSEL 2000
CMPR,CIMPRESS plc,RUSSEL 2000
CMPX,"Compass Therapeutics, Inc.",RUSSEL 2000
CMRE,Costamare Inc.,RUSSEL 2000
CMT,CORE MOLDING TECHNOLOGIES INC,RUSSEL 2000
CMTG,"Claros Mortgage Trust, Inc.",RUSSEL 2000
CMTL,COMTECH TELECOMMUNICATIONS CORP /DE/,RUSSEL 2000
CNDT,CONDUENT Inc,RUSSEL 2000
CNK,"Cinemark Holdings, Inc.",RUSSEL 2000
CNMD,CONMED Corp,RUSSEL 2000
CNNE,"Cannae Holdings, Inc.",RUSSEL 2000
CNO,"CNO Financial Group, Inc.",RUSSEL 2000
CNOB,"ConnectOne Bancorp, Inc.",RUSSEL 2000
CNS,"COHEN & STEERS, INC.",RUSSEL 2000
CNSL,"Consolidated Communications Holdings, Inc.",RUSSEL 2000
CNTY,CENTURY CASINOS INC /CO/,RUSSEL 2000
CNX,CNX Resources Corp,RUSSEL 2000
CNXN,PC CONNECTION INC,RUSSEL 2000
COCO,"Vita Coco Company, Inc.",RUSSEL 2000
CODI,Compass Diversified Holdings,RUSSEL 2000
COFS,CHOICEONE FINANCIAL SERVICES INC,RUSSEL 2000
COGT,"Cogent Biosciences, Inc.",RUSSEL 2000
COHU,COHU INC,RUSSEL 2000
COKE,"Coca-Cola Consolidated, Inc.",RUSSEL 2000
COLL,"COLLEGIUM PHARMACEUTICAL, INC",RUSSEL 2000
COMM,"CommScope Holding Company, Inc.",RUSSEL 2000
COMP,"Compass, Inc.",RUSSEL 2000
COOK,"Traeger, Inc.",RUSSEL 2000
COOP,Mr. Cooper Group Inc.,RUSSEL 2000
CORT,CORCEPT THERAPEUTICS INC,RUSSEL 2000
COUR,"Coursera, Inc.",RUSSEL 2000
CPE,Callon Petroleum Co,RUSSEL 2000
CPF,CENTRAL PACIFIC FINANCIAL CORP,RUSSEL 2000
CPK,CHESAPEAKE UTILITIES CORP,RUSSEL 2000
CPRX,"CATALYST PHARMACEUTICALS, INC.",RUSSEL 2000
CPS,Cooper-Standard Holdings Inc.,RUSSEL 2000
CPSI,Computer Programs & Systems Inc,RUSSEL 2000
CPSS,"CONSUMER PORTFOLIO SERVICES, INC.",RUSSEL 2000
CRAI,"CRA INTERNATIONAL, INC.",RUSSEL 2000
CRBU,"Caribou Biosciences, Inc.",RUSSEL 2000
CRC,California Resources Corp,RUSSEL 2000
CRCT,"Cricut, Inc.",RUSSEL 2000
CRDA,Croda International PLC,RUSSEL 2000
CRDO,Credo Technology Group Holding Ltd,RUSSEL 2000
CRGY,Crescent Energy Co,RUSSEL 2000
CRK,COMSTOCK RESOURCES INC,RUSSEL 2000
CRMD,CorMedix Inc.,RUSSEL 2000
CRMT,AMERICAS CARMART INC,RUSSEL 2000
CRNC,Cerence Inc.,RUSSEL 2000
CRNX,"Crinetics Pharmaceuticals, Inc.",RUSSEL 2000
CRS,CARPENTER TECHNOLOGY CORP,RUSSEL 2000
CRSR,"Corsair Gaming, Inc.",RUSSEL 2000
CRVL,CORVEL CORP,RUSSEL 2000
CSGS,CSG SYSTEMS INTERNATIONAL INC,RUSSEL 2000
CSR,CENTERSPACE,RUSSEL 2000
CSTL,CASTLE BIOSCIENCES INC,RUSSEL 2000
CSTM,CONSTELLIUM SE,RUSSEL 2000
CSTR,"CapStar Financial Holdings, Inc.",RUSSEL 2000
CSV,CARRIAGE SERVICES INC,RUSSEL 2000
CSWI,"CSW INDUSTRIALS, INC.",RUSSEL 2000
CTBI,COMMUNITY TRUST BANCORP INC /KY/,RUSSEL 2000
CTGO,"Contango ORE, Inc.",RUSSEL 2000
CTKB,"Cytek Biosciences, Inc.",RUSSEL 2000
CTLP,"CANTALOUPE, INC.",RUSSEL 2000
CTO,"CTO Realty Growth, Inc.",RUSSEL 2000
CTOS,"Custom Truck One Source, Inc.",RUSSEL 2000
CTRE,"CareTrust REIT, Inc.",RUSSEL 2000
CTS,CTS CORP,RUSSEL 2000
CTXR,"Citius Pharmaceuticals, Inc.",RUSSEL 2000
CUBI,"Customers Bancorp, Inc.",RUSSEL 2000
CUE,"Cue Biopharma, Inc.",RUSSEL 2000
CURV,Torrid Holdings Inc.,RUSSEL 2000
CUTR,CUTERA INC,RUSSEL 2000
CVBF,CVB FINANCIAL CORP,RUSSEL 2000
CVCO,CAVCO INDUSTRIES INC.,RUSSEL 2000
CVGI,"Commercial Vehicle Group, Inc.",RUSSEL 2000
CVGW,CALAVO GROWERS INC,RUSSEL 2000
CVI,CVR ENERGY INC,RUSSEL 2000
CVLG,"COVENANT LOGISTICS GROUP, INC.",RUSSEL 2000
CVLT,COMMVAULT SYSTEMS INC,RUSSEL 2000
CVLY,CODORUS VALLEY BANCORP INC,RUSSEL 2000
CVNA,CARVANA CO.,RUSSEL 2000
CVRX,"CVRx, Inc.",RUSSEL 2000
CWCO,Consolidated Water Co. Ltd.,RUSSEL 2000
CWH,"Camping World Holdings, Inc.",RUSSEL 2000
CWK,Cushman & Wakefield plc,RUSSEL 2000
CWST,CASELLA WASTE SYSTEMS INC,RUSSEL 2000
CWT,CALIFORNIA WATER SERVICE GROUP,RUSSEL 2000
CXM,"Sprinklr, Inc.",RUSSEL 2000
CXW,"CoreCivic, Inc.",RUSSEL 2000
CYH,COMMUNITY HEALTH SYSTEMS INC,RUSSEL 2000
CYRX,"Cryoport, Inc.",RUSSEL 2000
CYTK,CYTOKINETICS INC,RUSSEL 2000
CZFS,CITIZENS FINANCIAL SERVICES INC,RUSSEL 2000
CZNC,CITIZENS & NORTHERN CORP,RUSSEL 2000
DAKT,DAKTRONICS INC /SD/,RUSSEL 2000
DAN,DANA INC,RUSSEL 2000
DAWN,"Day One Biopharmaceuticals, Inc.",RUSSEL 2000
DBI,Designer Brands Inc.,RUSSEL 2000
DBRG,"DigitalBridge Group, Inc.",RUSSEL 2000
DC,Dakota Gold Corp.,RUSSEL 2000
DCGO,DocGo Inc.,RUSSEL 2000
DCO,DUCOMMUN INC /DE/,RUSSEL 2000
DCOM,"Dime Community Bancshares, Inc. /NY/",RUSSEL 2000
DCPH,"Deciphera Pharmaceuticals, Inc.",RUSSEL 2000
DDD,3D SYSTEMS CORP,RUSSEL 2000
DDS,"DILLARD'S, INC.",RUSSEL 2000
DEA,"Easterly Government Properties, Inc.",RUSSEL 2000
DEI,Douglas Emmett Inc,RUSSEL 2000
DENN,DENNY'S Corp,RUSSEL 2000
DFH,"Dream Finders Homes, Inc.",RUSSEL 2000
DFIN,"Donnelley Financial Solutions, Inc.",RUSSEL 2000
DFLI,Dragonfly Energy Holdings Corp.,RUSSEL 2000
DGICA,DONEGAL GROUP INC,RUSSEL 2000
DGII,DIGI INTERNATIONAL INC,RUSSEL 2000
DH,Definitive Healthcare Corp.,RUSSEL 2000
DHC,DIVERSIFIED HEALTHCARE TRUST,RUSSEL 2000
DHIL,DIAMOND HILL INVESTMENT GROUP INC,RUSSEL 2000
DHT,"DHT Holdings, Inc.",RUSSEL 2000
DHX,"DHI GROUP, INC.",RUSSEL 2000
DIN,"Dine Brands Global, Inc.",RUSSEL 2000
DIOD,DIODES INC /DEL/,RUSSEL 2000
DJCO,DAILY JOURNAL CORP,RUSSEL 2000
DK,"Delek US Holdings, Inc.",RUSSEL 2000
DLTH,DULUTH HOLDINGS INC.,RUSSEL 2000
DLX,DELUXE CORP,RUSSEL 2000
DM,"Desktop Metal, Inc.",RUSSEL 2000
DMRC,Digimarc CORP,RUSSEL 2000
DNLI,Denali Therapeutics Inc.,RUSSEL 2000
DNMR,"Danimer Scientific, Inc.",RUSSEL 2000
DNOW,DNOW Inc.,RUSSEL 2000
DNUT,"Krispy Kreme, Inc.",RUSSEL 2000
DO,"DIAMOND OFFSHORE DRILLING, INC.",RUSSEL 2000
DOC,"HEALTHPEAK PROPERTIES, INC.",RUSSEL 2000
DOCN,"DigitalOcean Holdings, Inc.",RUSSEL 2000
DOLE,Dole plc,RUSSEL 2000
DOMO,"DOMO, INC.",RUSSEL 2000
DOOR,MASONITE INTERNATIONAL CORP,RUSSEL 2000
DORM,"Dorman Products, Inc.",RUSSEL 2000
DOUG,Douglas Elliman Inc.,RUSSEL 2000
DRH,DiamondRock Hospitality Co,RUSSEL 2000
DRQ,Dril-Quip Inc,RUSSEL 2000
DRS,"Leonardo DRS, Inc.",RUSSEL 2000
DSGN,"Design Therapeutics, Inc.",RUSSEL 2000
DSGR,"Distribution Solutions Group, Inc.",RUSSEL 2000
DSKE,"Daseke, Inc.",RUSSEL 2000
DSP,Viant Technology Inc.,RUSSEL 2000
DTC,"Solo Brands, Inc.",RUSSEL 2000
DUOL,"Duolingo, Inc.",RUSSEL 2000
DVAX,DYNAVAX TECHNOLOGIES CORP,RUSSEL 2000
DX,DYNEX CAPITAL INC,RUSSEL 2000
DXLG,"DESTINATION XL GROUP, INC.",RUSSEL 2000
DXPE,DXP ENTERPRISES INC,RUSSEL 2000
DY,DYCOM INDUSTRIES INC,RUSSEL 2000
DYN,"Dyne Therapeutics, Inc.",RUSSEL 2000
DZSI,DZS INC.,RUSSEL 2000
EAF,GRAFTECH INTERNATIONAL LTD,RUSSEL 2000
EAT,"BRINKER INTERNATIONAL, INC",RUSSEL 2000
EB,"Eventbrite, Inc.",RUSSEL 2000
EBC,"Eastern Bankshares, Inc.",RUSSEL 2000
EBF,"ENNIS, INC.",RUSSEL 2000
EBS,Emergent BioSolutions Inc.,RUSSEL 2000
EBTC,ENTERPRISE BANCORP INC /MA/,RUSSEL 2000
ECPG,ENCORE CAPITAL GROUP INC,RUSSEL 2000
ECVT,Ecovyst Inc.,RUSSEL 2000
EDIT,"Editas Medicine, Inc.",RUSSEL 2000
EE,"Excelerate Energy, Inc.",RUSSEL 2000
EEX,"Emerald Holding, Inc.",RUSSEL 2000
EFC,Ellington Financial Inc.,RUSSEL 2000
EFSC,ENTERPRISE FINANCIAL SERVICES CORP,RUSSEL 2000
EGAN,EGAIN Corp,RUSSEL 2000
EGBN,EAGLE BANCORP INC,RUSSEL 2000
EGHT,8X8 INC /DE/,RUSSEL 2000
EGLE,Eagle Bulk Shipping Inc.,RUSSEL 2000
EGRX,Eagle Pharmaceuticals Inc-DE,RUSSEL 2000
EGY,VAALCO ENERGY INC /DE/,RUSSEL 2000
EHAB,"Enhabit, Inc.",RUSSEL 2000
EHTH,"eHealth, Inc.",RUSSEL 2000
EIG,"Employers Holdings, Inc.",RUSSEL 2000
ELA,Envela Corp,RUSSEL 2000
ELF,"e.l.f. Beauty, Inc.",RUSSEL 2000
ELME,Elme Communities,RUSSEL 2000
ELVN,"Enliven Therapeutics, Inc.",RUSSEL 2000
EMBC,Embecta Corp.,RUSSEL 2000
ENFN,"Enfusion, Inc.",RUSSEL 2000
ENR,"ENERGIZER HOLDINGS, INC.",RUSSEL 2000
ENS,EnerSys,RUSSEL 2000
ENSG,"ENSIGN GROUP, INC",RUSSEL 2000
ENTA,ENANTA PHARMACEUTICALS INC,RUSSEL 2000
ENV,"ENVESTNET, INC.",RUSSEL 2000
ENVA,"Enova International, Inc.",RUSSEL 2000
ENVX,Enovix Corp,RUSSEL 2000
EOLS,"Evolus, Inc.",RUSSEL 2000
EOSE,"Eos Energy Enterprises, Inc.",RUSSEL 2000
EP,EMPIRE PETROLEUM CORP,RUSSEL 2000
EPAC,ENERPAC TOOL GROUP CORP,RUSSEL 2000
EPC,EDGEWELL PERSONAL CARE Co,RUSSEL 2000
EPM,EVOLUTION PETROLEUM CORP,RUSSEL 2000
EPRT,"ESSENTIAL PROPERTIES REALTY TRUST, INC.",RUSSEL 2000
EQBK,EQUITY BANCSHARES INC,RUSSEL 2000
EQC,Equity Commonwealth,RUSSEL 2000
ERAS,"Erasca, Inc.",RUSSEL 2000
ERII,"Energy Recovery, Inc.",RUSSEL 2000
ESCA,ESCALADE INC,RUSSEL 2000
ESE,ESCO TECHNOLOGIES INC,RUSSEL 2000
ESGR,Enstar Group LTD,RUSSEL 2000
ESNT,Essent Group Ltd.,RUSSEL 2000
ESQ,"Esquire Financial Holdings, Inc.",RUSSEL 2000
ESRT,"Empire State Realty Trust, Inc.",RUSSEL 2000
ESSA,"ESSA Bancorp, Inc.",RUSSEL 2000
ETD,ETHAN ALLEN INTERIORS INC,RUSSEL 2000
ETNB,"89bio, Inc.",RUSSEL 2000
ETRN,Equitrans Midstream Corp,RUSSEL 2000
ETWO,"E2open Parent Holdings, Inc.",RUSSEL 2000
EU,enCore Energy Corp.,RUSSEL 2000
EVA,Enviva Inc.,RUSSEL 2000
EVBG,"EVERBRIDGE, INC.",RUSSEL 2000
EVBN,EVANS BANCORP INC,RUSSEL 2000
EVC,ENTRAVISION COMMUNICATIONS CORP,RUSSEL 2000
EVCM,EverCommerce Inc.,RUSSEL 2000
EVER,"EverQuote, Inc.",RUSSEL 2000
EVEX,"Eve Holding, Inc.",RUSSEL 2000
EVGO,EVgo Inc.,RUSSEL 2000
EVH,"Evolent Health, Inc.",RUSSEL 2000
EVI,"EVI INDUSTRIES, INC.",RUSSEL 2000
EVLV,"Evolv Technologies Holdings, Inc.",RUSSEL 2000
EVRI,Everi Holdings Inc.,RUSSEL 2000
EVTC,"EVERTEC, Inc.",RUSSEL 2000
EWCZ,"European Wax Center, Inc.",RUSSEL 2000
EWTX,"Edgewise Therapeutics, Inc.",RUSSEL 2000
EXFY,"Expensify, Inc.",RUSSEL 2000
EXLS,"ExlService Holdings, Inc.",RUSSEL 2000
EXPI,"EXP World Holdings, Inc.",RUSSEL 2000
EXPO,EXPONENT INC,RUSSEL 2000
EXTR,EXTREME NETWORKS INC,RUSSEL 2000
EYE,"National Vision Holdings, Inc.",RUSSEL 2000
EYEN,"EYENOVIA, INC.",RUSSEL 2000
EYPT,"EyePoint Pharmaceuticals, Inc.",RUSSEL 2000
FA,FIRST ADVANTAGE CORP,RUSSEL 2000
FARO,FARO TECHNOLOGIES INC,RUSSEL 2000
FATE,FATE THERAPEUTICS INC,RUSSEL 2000
FBIZ,First Business Financial Services Inc,RUSSEL 2000
FBK,FB Financial Corp,RUSSEL 2000
FBMS,FIRST BANCSHARES INC /MS/,RUSSEL 2000
FBNC,FIRST BANCORP /NC/,RUSSEL 2000
FBP,FIRST BANCORP /PR/,RUSSEL 2000
FBRT,"Franklin BSP Realty Trust, Inc.",RUSSEL 2000
FC,FRANKLIN COVEY CO,RUSSEL 2000
FCBC,FIRST COMMUNITY BANKSHARES INC /VA/,RUSSEL 2000
FCCO,FIRST COMMUNITY CORP /SC/,RUSSEL 2000
FCEL,FUELCELL ENERGY INC,RUSSEL 2000
FCF,FIRST COMMONWEALTH FINANCIAL CORP /PA/,RUSSEL 2000
FCFS,"FirstCash Holdings, Inc.",RUSSEL 2000
FCPT,"Four Corners Property Trust, Inc.",RUSSEL 2000
FDBC,FIDELITY D & D BANCORP INC,RUSSEL 2000
FDMT,"4D Molecular Therapeutics, Inc.",RUSSEL 2000
FDP,FRESH DEL MONTE PRODUCE INC,RUSSEL 2000
FEAM,"5E Advanced Materials, Inc.",RUSSEL 2000
FELE,FRANKLIN ELECTRIC CO INC,RUSSEL 2000
FENC,FENNEC PHARMACEUTICALS INC.,RUSSEL 2000
FET,"FORUM ENERGY TECHNOLOGIES, INC.",RUSSEL 2000
FF,FutureFuel Corp.,RUSSEL 2000
FFBC,FIRST FINANCIAL BANCORP /OH/,RUSSEL 2000
FFIC,FLUSHING FINANCIAL CORP,RUSSEL 2000
FFIN,FIRST FINANCIAL BANKSHARES INC,RUSSEL 2000
FFWM,First Foundation Inc.,RUSSEL 2000
FG,"F&G Annuities & Life, Inc.",RUSSEL 2000
FGEN,FIBROGEN INC,RUSSEL 2000
FHTX,Foghorn Therapeutics Inc.,RUSSEL 2000
FIBK,FIRST INTERSTATE BANCSYSTEM INC,RUSSEL 2000
FIGS,"FIGS, Inc.",RUSSEL 2000
FIHL,Fidelis Insurance Holdings Ltd,RUSSEL 2000
FIP,FTAI Infrastructure Inc.,RUSSEL 2000
FISI,FINANCIAL INSTITUTIONS INC,RUSSEL 2000
FIX,COMFORT SYSTEMS USA INC,RUSSEL 2000
FIZZ,NATIONAL BEVERAGE CORP,RUSSEL 2000
FL,"FOOT LOCKER, INC.",RUSSEL 2000
FLGT,"Fulgent Genetics, Inc.",RUSSEL 2000
FLIC,FIRST OF LONG ISLAND CORP,RUSSEL 2000
FLL,FULL HOUSE RESORTS INC,RUSSEL 2000
FLNC,"Fluence Energy, Inc.",RUSSEL 2000
FLNG,Flex LNG Ltd.,RUSSEL 2000
FLR,FLUOR CORP,RUSSEL 2000
FLWS,1 800 FLOWERS COM INC,RUSSEL 2000
FLYW,Flywire Corp,RUSSEL 2000
FMAO,FARMERS & MERCHANTS BANCORP INC,RUSSEL 2000
FMBH,"FIRST MID BANCSHARES, INC.",RUSSEL 2000
FMNB,FARMERS NATIONAL BANC CORP /OH/,RUSSEL 2000
FN,Fabrinet,RUSSEL 2000
FNA,"Paragon 28, Inc.",RUSSEL 2000
FNKO,"Funko, Inc.",RUSSEL 2000
FNLC,"First Bancorp, Inc /ME/",RUSSEL 2000
FOA,Finance of America Companies Inc.,RUSSEL 2000
FOLD,"AMICUS THERAPEUTICS, INC.",RUSSEL 2000
FOR,Forestar Group Inc.,RUSSEL 2000
FORM,FORMFACTOR INC,RUSSEL 2000
FORR,"FORRESTER RESEARCH, INC.",RUSSEL 2000
FOSL,"Fossil Group, Inc.",RUSSEL 2000
FOXF,FOX FACTORY HOLDING CORP,RUSSEL 2000
FPI,Farmland Partners Inc.,RUSSEL 2000
FRBA,First Bank-Hamilton NJ,RUSSEL 2000
FRGE,"Forge Global Holdings, Inc.",RUSSEL 2000
FRME,FIRST MERCHANTS CORP,RUSSEL 2000
FRPH,"FRP HOLDINGS, INC.",RUSSEL 2000
FRSH,Freshworks Inc.,RUSSEL 2000
FRST,Primis Financial Corp.,RUSSEL 2000
FSBC,FIVE STAR BANCORP,RUSSEL 2000
FSBW,"FS Bancorp, Inc.",RUSSEL 2000
FSLY,"Fastly, Inc.",RUSSEL 2000
FSS,FEDERAL SIGNAL CORP /DE/,RUSSEL 2000
FTAI,FTAI Aviation Ltd.,RUSSEL 2000
FTCI,"FTC Solar, Inc.",RUSSEL 2000
FTDR,"Frontdoor, Inc.",RUSSEL 2000
FUBO,fuboTV Inc. /FL,RUSSEL 2000
FUL,FULLER H B CO,RUSSEL 2000
FULT,FULTON FINANCIAL CORP,RUSSEL 2000
FVCB,"FVCBankcorp, Inc.",RUSSEL 2000
FWRD,FORWARD AIR CORP,RUSSEL 2000
FWRG,"First Watch Restaurant Group, Inc.",RUSSEL 2000
GABC,"GERMAN AMERICAN BANCORP, INC.",RUSSEL 2000
GAMB,Gambling.com Group Ltd,RUSSEL 2000
GATX,GATX CORP,RUSSEL 2000
GBCI,"GLACIER BANCORP, INC.",RUSSEL 2000
GBIO,Generation Bio Co.,RUSSEL 2000
GBTG,"Global Business Travel Group, Inc.",RUSSEL 2000
GBX,GREENBRIER COMPANIES INC,RUSSEL 2000
GCBC,GREENE COUNTY BANCORP INC,RUSSEL 2000
GCI,"Gannett Co., Inc.",RUSSEL 2000
GCMG,GCM Grosvenor Inc.,RUSSEL 2000
GCO,GENESCO INC,RUSSEL 2000
GDEN,"GOLDEN ENTERTAINMENT, INC.",RUSSEL 2000
GDOT,GREEN DOT CORP,RUSSEL 2000
GDYN,"GRID DYNAMICS HOLDINGS, INC.",RUSSEL 2000
GEF,"GREIF, INC",RUSSEL 2000
GEFB,"GREIF, INC",RUSSEL 2000
GENC,GENCOR INDUSTRIES INC,RUSSEL 2000
GEO,GEO GROUP INC,RUSSEL 2000
GERN,GERON CORP,RUSSEL 2000
GES,GUESS INC,RUSSEL 2000
GEVO,"Gevo, Inc.",RUSSEL 2000
GFF,GRIFFON CORP,RUSSEL 2000
GH,"Guardant Health, Inc.",RUSSEL 2000
GHC,Graham Holdings Co,RUSSEL 2000
GIC,GLOBAL INDUSTRIAL Co,RUSSEL 2000
GIII,G III APPAREL GROUP LTD /DE/,RUSSEL 2000
GKOS,GLAUKOS Corp,RUSSEL 2000
GLDD,Great Lakes Dredge & Dock CORP,RUSSEL 2000
GLNG,GOLAR LNG LTD,RUSSEL 2000
GLRE,"GREENLIGHT CAPITAL RE, LTD.",RUSSEL 2000
GLT,PH Glatfelter Co,RUSSEL 2000
GLUE,"Monte Rosa Therapeutics, Inc.",RUSSEL 2000
GMRE,Global Medical REIT Inc.,RUSSEL 2000
GMS,GMS Inc.,RUSSEL 2000
GNE,Genie Energy Ltd.,RUSSEL 2000
GNK,GENCO SHIPPING & TRADING LTD,RUSSEL 2000
GNL,"Global Net Lease, Inc.",RUSSEL 2000
GNLX,GENELUX Corp,RUSSEL 2000
GNTY,GUARANTY BANCSHARES INC /TX/,RUSSEL 2000
GNW,GENWORTH FINANCIAL INC,RUSSEL 2000
GOCO,"GoHealth, Inc.",RUSSEL 2000
GOGL,Golden Ocean Group Ltd,RUSSEL 2000
GOGO,Gogo Inc.,RUSSEL 2000
GOLF,Acushnet Holdings Corp.,RUSSEL 2000
GOOD,GLADSTONE COMMERCIAL CORP,RUSSEL 2000
GORV,"Lazydays Holdings, Inc.",RUSSEL 2000
GPI,GROUP 1 AUTOMOTIVE INC,RUSSEL 2000
GPMT,Granite Point Mortgage Trust Inc.,RUSSEL 2000
GPOR,GULFPORT ENERGY CORP,RUSSEL 2000
GPRE,Green Plains Inc.,RUSSEL 2000
GPRO,"GoPro, Inc.",RUSSEL 2000
GRBK,"Green Brick Partners, Inc.",RUSSEL 2000
GRC,GORMAN RUPP CO,RUSSEL 2000
GRND,Grindr Inc.,RUSSEL 2000
GRNT,"Granite Ridge Resources, Inc.",RUSSEL 2000
GRPH,"Graphite Bio, Inc.",RUSSEL 2000
GRTS,"Gritstone bio, Inc.",RUSSEL 2000
GRWG,GrowGeneration Corp.,RUSSEL 2000
GSAT,"Globalstar, Inc.",RUSSEL 2000
GSBC,"GREAT SOUTHERN BANCORP, INC.",RUSSEL 2000
GSHD,"Goosehead Insurance, Inc.",RUSSEL 2000
GT,GOODYEAR TIRE & RUBBER CO /OH/,RUSSEL 2000
GTLS,CHART INDUSTRIES INC,RUSSEL 2000
GTN,GRAY TELEVISION INC,RUSSEL 2000
GTY,GETTY REALTY CORP /MD/,RUSSEL 2000
GVA,GRANITE CONSTRUCTION INC,RUSSEL 2000
GWH,"ESS Tech, Inc.",RUSSEL 2000
GWRS,"Global Water Resources, Inc.",RUSSEL 2000
HA,HAWAIIAN HOLDINGS INC,RUSSEL 2000
HAE,HAEMONETICS CORP,RUSSEL 2000
HAFC,HANMI FINANCIAL CORP,RUSSEL 2000
HAIN,HAIN CELESTIAL GROUP INC,RUSSEL 2000
HALO,"HALOZYME THERAPEUTICS, INC.",RUSSEL 2000
HASI,"Hannon Armstrong Sustainable Infrastructure Capital, Inc.",RUSSEL 2000
HAYN,HAYNES INTERNATIONAL INC,RUSSEL 2000
HBCP,"HOME BANCORP, INC.",RUSSEL 2000
HBI,Hanesbrands Inc.,RUSSEL 2000
HBIO,HARVARD BIOSCIENCE INC,RUSSEL 2000
HBNC,HORIZON BANCORP INC /IN/,RUSSEL 2000
HBT,"HBT Financial, Inc.",RUSSEL 2000
HCAT,"Health Catalyst, Inc.",RUSSEL 2000
HCC,"WARRIOR MET COAL, INC.",RUSSEL 2000
HCI,"HCI Group, Inc.",RUSSEL 2000
HCKT,"HACKETT GROUP, INC.",RUSSEL 2000
HCSG,HEALTHCARE SERVICES GROUP INC,RUSSEL 2000
HDSN,HUDSON TECHNOLOGIES INC /NY,RUSSEL 2000
HEAR,Turtle Beach Corp,RUSSEL 2000
HEES,"H&E Equipment Services, Inc.",RUSSEL 2000
HELE,HELEN OF TROY LTD,RUSSEL 2000
HFFG,HF Foods Group Inc.,RUSSEL 2000
HFWA,HERITAGE FINANCIAL CORP /WA/,RUSSEL 2000
HGV,Hilton Grand Vacations Inc.,RUSSEL 2000
HI,"Hillenbrand, Inc.",RUSSEL 2000
HIBB,HIBBETT INC,RUSSEL 2000
HIFS,Hingham Institution for Savings,RUSSEL 2000
HIMS,"Hims & Hers Health, Inc.",RUSSEL 2000
HIPO,Hippo Holdings Inc.,RUSSEL 2000
HL,HECLA MINING CO/DE/,RUSSEL 2000
HLF,HERBALIFE LTD.,RUSSEL 2000
HLIO,"HELIOS TECHNOLOGIES, INC.",RUSSEL 2000
HLIT,HARMONIC INC,RUSSEL 2000
HLLY,Holley Inc.,RUSSEL 2000
HLMN,Hillman Solutions Corp.,RUSSEL 2000
HLNE,Hamilton Lane INC,RUSSEL 2000
HLVX,"HilleVax, Inc.",RUSSEL 2000
HLX,HELIX ENERGY SOLUTIONS GROUP INC,RUSSEL 2000
HMN,HORACE MANN EDUCATORS CORP /DE/,RUSSEL 2000
HMST,"HomeStreet, Inc.",RUSSEL 2000
HNI,HNI CORP,RUSSEL 2000
HNRG,HALLADOR ENERGY CO,RUSSEL 2000
HOFT,HOOKER FURNISHINGS Corp,RUSSEL 2000
HOMB,HOME BANCSHARES INC,RUSSEL 2000
HONE,HarborOne Bancorp Inc,RUSSEL 2000
HOPE,HOPE BANCORP INC,RUSSEL 2000
HOUS,Anywhere Real Estate Inc.,RUSSEL 2000
HOV,HOVNANIAN ENTERPRISES INC,RUSSEL 2000
HP,"Helmerich & Payne, Inc.",RUSSEL 2000
HPK,"HighPeak Energy, Inc.",RUSSEL 2000
HPP,"Hudson Pacific Properties, Inc.",RUSSEL 2000
HQI,"HireQuest, Inc.",RUSSEL 2000
HQY,"HEALTHEQUITY, INC.",RUSSEL 2000
HRI,HERC HOLDINGS INC,RUSSEL 2000
HRMY,"Harmony Biosciences Holdings, Inc.",RUSSEL 2000
HROW,"HARROW, INC.",RUSSEL 2000
HRT,HireRight Holdings Corp,RUSSEL 2000
HRTX,"HERON THERAPEUTICS, INC. /DE/",RUSSEL 2000
HSHP,Himalaya Shipping Ltd.,RUSSEL 2000
HSII,HEIDRICK & STRUGGLES INTERNATIONAL INC,RUSSEL 2000
HSTM,HEALTHSTREAM INC,RUSSEL 2000
HTBI,"HomeTrust Bancshares, Inc.",RUSSEL 2000
HTBK,HERITAGE COMMERCE CORP,RUSSEL 2000
HTH,Hilltop Holdings Inc.,RUSSEL 2000
HTLD,HEARTLAND EXPRESS INC,RUSSEL 2000
HTLF,HEARTLAND FINANCIAL USA INC,RUSSEL 2000
HUBG,"Hub Group, Inc.",RUSSEL 2000
HUMA,"Humacyte, Inc.",RUSSEL 2000
HURN,Huron Consulting Group Inc.,RUSSEL 2000
HVT,HAVERTY FURNITURE COMPANIES INC,RUSSEL 2000
HWC,HANCOCK WHITNEY CORP,RUSSEL 2000
HWKN,HAWKINS INC,RUSSEL 2000
HY,"HYSTER-YALE MATERIALS HANDLING, INC.",RUSSEL 2000
HYLN,Hyliion Holdings Corp.,RUSSEL 2000
HZO,MARINEMAX INC,RUSSEL 2000
IAS,INTEGRAL AD SCIENCE HOLDING CORP.,RUSSEL 2000
IAUX,i-80 Gold Corp.,RUSSEL 2000
IBCP,INDEPENDENT BANK CORP /MI/,RUSSEL 2000
IBEX,IBEX Ltd,RUSSEL 2000
IBOC,INTERNATIONAL BANCSHARES CORP,RUSSEL 2000
IBP,"Installed Building Products, Inc.",RUSSEL 2000
IBRX,"ImmunityBio, Inc.",RUSSEL 2000
IBTX,"Independent Bank Group, Inc.",RUSSEL 2000
ICFI,"ICF International, Inc.",RUSSEL 2000
ICHR,"ICHOR HOLDINGS, LTD.",RUSSEL 2000
IDCC,"InterDigital, Inc.",RUSSEL 2000
IDT,IDT CORP,RUSSEL 2000
IDYA,"IDEAYA Biosciences, Inc.",RUSSEL 2000
IE,Ivanhoe Electric Inc.,RUSSEL 2000
IESC,"IES Holdings, Inc.",RUSSEL 2000
IGMS,"IGM Biosciences, Inc.",RUSSEL 2000
IGT,International Game Technology PLC,RUSSEL 2000
IHRT,"iHeartMedia, Inc.",RUSSEL 2000
III,Information Services Group Inc.,RUSSEL 2000
IIIN,INSTEEL INDUSTRIES INC,RUSSEL 2000
IIIV,"i3 Verticals, Inc.",RUSSEL 2000
IIPR,INNOVATIVE INDUSTRIAL PROPERTIES INC,RUSSEL 2000
IKNA,"Ikena Oncology, Inc.",RUSSEL 2000
IMAX,IMAX CORP,RUSSEL 2000
IMKTA,INGLES MARKETS INC,RUSSEL 2000
IMMR,IMMERSION CORP,RUSSEL 2000
IMRX,Immuneering Corp,RUSSEL 2000
IMVT,"Immunovant, Inc.",RUSSEL 2000
IMXI,"International Money Express, Inc.",RUSSEL 2000
INBX,"Inhibrx, Inc.",RUSSEL 2000
INDB,INDEPENDENT BANK CORP,RUSSEL 2000
INDI,"indie Semiconductor, Inc.",RUSSEL 2000
INFN,Infinera Corp,RUSSEL 2000
INFU,"InfuSystem Holdings, Inc",RUSSEL 2000
INGN,Inogen Inc,RUSSEL 2000
INMD,InMode Ltd.,RUSSEL 2000
INN,"Summit Hotel Properties, Inc.",RUSSEL 2000
INNV,InnovAge Holding Corp.,RUSSEL 2000
INOD,INNODATA INC,RUSSEL 2000
INSE,"Inspired Entertainment, Inc.",RUSSEL 2000
INSM,INSMED Inc,RUSSEL 2000
INST,"INSTRUCTURE HOLDINGS, INC.",RUSSEL 2000
INSW,"International Seaways, Inc.",RUSSEL 2000
INTA,"Intapp, Inc.",RUSSEL 2000
INTT,INTEST CORP,RUSSEL 2000
INVA,"Innoviva, Inc.",RUSSEL 2000
INZY,"Inozyme Pharma, Inc.",RUSSEL 2000
IONQ,"IonQ, Inc.",RUSSEL 2000
IOSP,INNOSPEC INC.,RUSSEL 2000
IOVA,"IOVANCE BIOTHERAPEUTICS, INC.",RUSSEL 2000
IPAR,INTER PARFUMS INC,RUSSEL 2000
IPI,"Intrepid Potash, Inc.",RUSSEL 2000
IPSC,"Century Therapeutics, Inc.",RUSSEL 2000
IRBT,IROBOT CORP,RUSSEL 2000
IRMD,IRADIMED CORP,RUSSEL 2000
IRON,"Disc Medicine, Inc.",RUSSEL 2000
IRT,"INDEPENDENCE REALTY TRUST, INC.",RUSSEL 2000
IRTC,"iRhythm Technologies, Inc.",RUSSEL 2000
IRWD,IRONWOOD PHARMACEUTICALS INC,RUSSEL 2000
ISPR,Ispire Technology Inc.,RUSSEL 2000
ITCI,"Intra-Cellular Therapies, Inc.",RUSSEL 2000
ITGR,Integer Holdings Corp,RUSSEL 2000
ITI,"ITERIS, INC.",RUSSEL 2000
ITIC,INVESTORS TITLE CO,RUSSEL 2000
ITOS,"iTeos Therapeutics, Inc.",RUSSEL 2000
ITRI,"ITRON, INC.",RUSSEL 2000
IVAC,INTEVAC INC,RUSSEL 2000
IVR,Invesco Mortgage Capital Inc.,RUSSEL 2000
IVT,InvenTrust Properties Corp.,RUSSEL 2000
JACK,JACK IN THE BOX INC,RUSSEL 2000
JAKK,JAKKS PACIFIC INC,RUSSEL 2000
JAMF,Jamf Holding Corp.,RUSSEL 2000
JANX,"Janux Therapeutics, Inc.",RUSSEL 2000
JBGS,JBG SMITH Properties,RUSSEL 2000
JBI,"Janus International Group, Inc.",RUSSEL 2000
JBLU,JETBLUE AIRWAYS CORP,RUSSEL 2000
JBSS,SANFILIPPO JOHN B & SON INC,RUSSEL 2000
JBT,John Bean Technologies CORP,RUSSEL 2000
JELD,"JELD-WEN Holding, Inc.",RUSSEL 2000
JILL,J. Jill Inc,RUSSEL 2000
JJSF,J&J SNACK FOODS CORP,RUSSEL 2000
JMSB,"John Marshall Bancorp, Inc.",RUSSEL 2000
JOBY,"Joby Aviation, Inc.",RUSSEL 2000
JOE,ST JOE Co,RUSSEL 2000
JOUT,JOHNSON OUTDOORS INC,RUSSEL 2000
JRVR,"James River Group Holdings, Ltd.",RUSSEL 2000
JXN,Jackson Financial Inc.,RUSSEL 2000
JYNT,JOINT Corp,RUSSEL 2000
KAI,KADANT INC,RUSSEL 2000
KALU,KAISER ALUMINUM CORP,RUSSEL 2000
KALV,"KalVista Pharmaceuticals, Inc.",RUSSEL 2000
KAMN,KAMAN Corp,RUSSEL 2000
KAR,"OPENLANE, Inc.",RUSSEL 2000
KBH,KB HOME,RUSSEL 2000
KE,"Kimball Electronics, Inc.",RUSSEL 2000
KELYA,KELLY SERVICES INC,RUSSEL 2000
KFRC,KFORCE INC,RUSSEL 2000
KFS,KINGSWAY FINANCIAL SERVICES INC,RUSSEL 2000
KFY,KORN FERRY,RUSSEL 2000
KGS,"Kodiak Gas Services, Inc.",RUSSEL 2000
KIDS,ORTHOPEDIATRICS CORP,RUSSEL 2000
KIND,"Nextdoor Holdings, Inc.",RUSSEL 2000
KLIC,KULICKE & SOFFA INDUSTRIES INC,RUSSEL 2000
KLTR,"Kaltura, Inc.",RUSSEL 2000
KLXE,"KLX Energy Services Holdings, Inc.",RUSSEL 2000
KMT,KENNAMETAL INC,RUSSEL 2000
KN,Knowles Corp,RUSSEL 2000
KNF,Knife River Corp,RUSSEL 2000
KNSA,"Kiniksa Pharmaceuticals, Ltd.",RUSSEL 2000
KNTK,Kinetik Holdings Inc.,RUSSEL 2000
KOD,Kodiak Sciences Inc.,RUSSEL 2000
KODK,EASTMAN KODAK CO,RUSSEL 2000
KOP,Koppers Holdings Inc.,RUSSEL 2000
KOS,Kosmos Energy Ltd.,RUSSEL 2000
KPTI,Karyopharm Therapeutics Inc.,RUSSEL 2000
KREF,KKR Real Estate Finance Trust Inc.,RUSSEL 2000
KRG,KITE REALTY GROUP TRUST,RUSSEL 2000
KRMD,"KORU Medical Systems, Inc.",RUSSEL 2000
KRNY,Kearny Financial Corp-MD,RUSSEL 2000
KRO,KRONOS WORLDWIDE INC,RUSSEL 2000
KROS,"Keros Therapeutics, Inc.",RUSSEL 2000
KRT,Karat Packaging Inc.,RUSSEL 2000
KRUS,"KURA SUSHI USA, INC.",RUSSEL 2000
KRYS,"Krystal Biotech, Inc.",RUSSEL 2000
KTB,"Kontoor Brands, Inc.",RUSSEL 2000
KTOS,"KRATOS DEFENSE & SECURITY SOLUTIONS, INC.",RUSSEL 2000
KURA,"Kura Oncology, Inc.",RUSSEL 2000
KVHI,KVH INDUSTRIES INC \DE\,RUSSEL 2000
KW,"Kennedy-Wilson Holdings, Inc.",RUSSEL 2000
KWR,QUAKER CHEMICAL CORP,RUSSEL 2000
KYMR,"Kymera Therapeutics, Inc.",RUSSEL 2000
KZR,"Kezar Life Sciences, Inc.",RUSSEL 2000
LADR,Ladder Capital Corp,RUSSEL 2000
LANC,LANCASTER COLONY CORP,RUSSEL 2000
LAND,GLADSTONE LAND Corp,RUSSEL 2000
LASR,"NLIGHT, INC.",RUSSEL 2000
LAUR,"LAUREATE EDUCATION, INC.",RUSSEL 2000
LAW,"CS Disco, Inc.",RUSSEL 2000
LAZR,"Luminar Technologies, Inc./DE",RUSSEL 2000
LBAI,LAKELAND BANCORP INC,RUSSEL 2000
LBC,Libero Copper & Gold Corp,RUSSEL 2000
LBPH,"Longboard Pharmaceuticals, Inc.",RUSSEL 2000
LBRT,Liberty Energy Inc.,RUSSEL 2000
LC,LendingClub Corp,RUSSEL 2000
LCII,LCI INDUSTRIES,RUSSEL 2000
LCNB,LCNB CORP,RUSSEL 2000
LCTX,"Lineage Cell Therapeutics, Inc.",RUSSEL 2000
LE,"LANDS' END, INC.",RUSSEL 2000
LEGH,Legacy Housing Corp,RUSSEL 2000
LESL,"Leslie's, Inc.",RUSSEL 2000
LEU,CENTRUS ENERGY CORP,RUSSEL 2000
LFST,"LifeStance Health Group, Inc.",RUSSEL 2000
LGFA,LIONS GATE ENTERTAINMENT CORP /CN/,RUSSEL 2000
LGFB,LIONS GATE ENTERTAINMENT CORP /CN/,RUSSEL 2000
LGIH,"LGI Homes, Inc.",RUSSEL 2000
LGND,LIGAND PHARMACEUTICALS INC,RUSSEL 2000
LICY,Li-Cycle Holdings Corp.,RUSSEL 2000
LILA,Liberty Latin America Ltd.,RUSSEL 2000
LILAK,Liberty Latin America Ltd.,RUSSEL 2000
LINC,LINCOLN EDUCATIONAL SERVICES CORP,RUSSEL 2000
LIND,"LINDBLAD EXPEDITIONS HOLDINGS, INC.",RUSSEL 2000
LIVN,LivaNova PLC,RUSSEL 2000
LKFN,LAKELAND FINANCIAL CORP,RUSSEL 2000
LLAP,Terran Orbital Corp,RUSSEL 2000
LMAT,LEMAITRE VASCULAR INC,RUSSEL 2000
LMB,"Limbach Holdings, Inc.",RUSSEL 2000
LMND,"Lemonade, Inc.",RUSSEL 2000
LMNR,Limoneira CO,RUSSEL 2000
LNN,LINDSAY CORP,RUSSEL 2000
LNTH,"Lantheus Holdings, Inc.",RUSSEL 2000
LNW,"Light & Wonder, Inc.",RUSSEL 2000
LNZA,"LanzaTech Global, Inc.",RUSSEL 2000
LOB,"Live Oak Bancshares, Inc.",RUSSEL 2000
LOCO,"El Pollo Loco Holdings, Inc.",RUSSEL 2000
LOVE,Lovesac Co,RUSSEL 2000
LPG,DORIAN LPG LTD.,RUSSEL 2000
LPRO,Open Lending Corp,RUSSEL 2000
LPSN,LIVEPERSON INC,RUSSEL 2000
LPTV,"Loop Media, Inc.",RUSSEL 2000
LQDA,Liquidia Corp,RUSSEL 2000
LQDT,LIQUIDITY SERVICES INC,RUSSEL 2000
LRMR,"Larimar Therapeutics, Inc.",RUSSEL 2000
LRN,"Stride, Inc.",RUSSEL 2000
LSEA,Landsea Homes Corp,RUSSEL 2000
LTC,LTC PROPERTIES INC,RUSSEL 2000
LTH,"Life Time Group Holdings, Inc.",RUSSEL 2000
LUMN,"Lumen Technologies, Inc.",RUSSEL 2000
LUNA,Luna Innovations Inc,RUSSEL 2000
LUNG,Pulmonx Corp,RUSSEL 2000
LVWR,"LiveWire Group, Inc.",RUSSEL 2000
LWLG,"Lightwave Logic, Inc.",RUSSEL 2000
LXFR,LUXFER HOLDINGS PLC,RUSSEL 2000
LXP,LXP Industrial Trust,RUSSEL 2000
LXRX,"LEXICON PHARMACEUTICALS, INC.",RUSSEL 2000
LXU,"LSB INDUSTRIES, INC.",RUSSEL 2000
LYEL,"Lyell Immunopharma, Inc.",RUSSEL 2000
LYTS,LSI INDUSTRIES INC,RUSSEL 2000
LZ,"LEGALZOOM.COM, INC.",RUSSEL 2000
LZB,LA-Z-BOY INC,RUSSEL 2000
MAC,MACERICH CO,RUSSEL 2000
MACK,MERRIMACK PHARMACEUTICALS INC,RUSSEL 2000
MARA,"MARATHON DIGITAL HOLDINGS, INC.",RUSSEL 2000
MASS,908 Devices Inc.,RUSSEL 2000
MATV,"Mativ Holdings, Inc.",RUSSEL 2000
MATW,MATTHEWS INTERNATIONAL CORP,RUSSEL 2000
MATX,"Matson, Inc.",RUSSEL 2000
MAX,"MediaAlpha, Inc.",RUSSEL 2000
MAXN,"Maxeon Solar Technologies, Ltd.",RUSSEL 2000
MBC,"MasterBrand, Inc.",RUSSEL 2000
MBCN,MIDDLEFIELD BANC CORP,RUSSEL 2000
MBI,MBIA INC,RUSSEL 2000
MBIN,Merchants Bancorp,RUSSEL 2000
MBUU,"MALIBU BOATS, INC.",RUSSEL 2000
MBWM,MERCANTILE BANK CORP,RUSSEL 2000
MC,Moelis & Co,RUSSEL 2000
MCB,Metropolitan Bank Holding Corp.,RUSSEL 2000
MCBC,MACATAWA BANK CORP,RUSSEL 2000
MCBS,"MetroCity Bankshares, Inc.",RUSSEL 2000
MCFT,"MasterCraft Boat Holdings, Inc.",RUSSEL 2000
MCRB,"Seres Therapeutics, Inc.",RUSSEL 2000
MCRI,MONARCH CASINO & RESORT INC,RUSSEL 2000
MCS,MARCUS CORP,RUSSEL 2000
MCY,MERCURY GENERAL CORP,RUSSEL 2000
MD,"Pediatrix Medical Group, Inc.",RUSSEL 2000
MDC,"M.D.C. HOLDINGS, INC.",RUSSEL 2000
MDGL,"MADRIGAL PHARMACEUTICALS, INC.",RUSSEL 2000
MDRX,Allscripts Healthcare Solutions Inc,RUSSEL 2000
MDXG,"MIMEDX GROUP, INC.",RUSSEL 2000
ME,23andMe Holding Co.,RUSSEL 2000
MEC,"Mayville Engineering Company, Inc.",RUSSEL 2000
MED,MEDIFAST INC,RUSSEL 2000
MEG,"Montrose Environmental Group, Inc.",RUSSEL 2000
MEI,METHODE ELECTRONICS INC,RUSSEL 2000
METCB,"Ramaco Resources, Inc.",RUSSEL 2000
MFA,"MFA FINANCIAL, INC.",RUSSEL 2000
MG,"Mistras Group, Inc.",RUSSEL 2000
MGEE,MGE ENERGY INC,RUSSEL 2000
MGNI,"MAGNITE, INC.",RUSSEL 2000
MGNX,MACROGENICS INC,RUSSEL 2000
MGPI,MGP INGREDIENTS INC,RUSSEL 2000
MGRC,MCGRATH RENTCORP,RUSSEL 2000
MGTX,MeiraGTx Holdings plc,RUSSEL 2000
MGY,Magnolia Oil & Gas Corp,RUSSEL 2000
MHLD,"Maiden Holdings, Ltd.",RUSSEL 2000
MHO,"M/I HOMES, INC.",RUSSEL 2000
MIR,"Mirion Technologies, Inc.",RUSSEL 2000
MIRM,"Mirum Pharmaceuticals, Inc.",RUSSEL 2000
MITK,MITEK SYSTEMS INC,RUSSEL 2000
MKTW,"MARKETWISE, INC.",RUSSEL 2000
MLAB,MESA LABORATORIES INC /CO/,RUSSEL 2000
MLI,MUELLER INDUSTRIES INC,RUSSEL 2000
MLKN,"MILLERKNOLL, INC.",RUSSEL 2000
MLNK,"MeridianLink, Inc.",RUSSEL 2000
MLP,MAUI LAND & PINEAPPLE CO INC,RUSSEL 2000
MLR,MILLER INDUSTRIES INC /TN/,RUSSEL 2000
MLYS,"Mineralys Therapeutics, Inc.",RUSSEL 2000
MMI,"Marcus & Millichap, Inc.",RUSSEL 2000
MMS,"MAXIMUS, INC.",RUSSEL 2000
MMSI,MERIT MEDICAL SYSTEMS INC,RUSSEL 2000
MNKD,MANNKIND CORP,RUSSEL 2000
MNRO,"MONRO, INC.",RUSSEL 2000
MNSB,"MainStreet Bancshares, Inc.",RUSSEL 2000
MNTK,"Montauk Renewables, Inc.",RUSSEL 2000
MOD,MODINE MANUFACTURING CO,RUSSEL 2000
MODG,Topgolf Callaway Brands Corp.,RUSSEL 2000
MODN,"MODEL N, INC.",RUSSEL 2000
MODV,ModivCare Inc,RUSSEL 2000
MOFG,"MidWestOne Financial Group, Inc.",RUSSEL 2000
MOND,"Mondee Holdings, Inc.",RUSSEL 2000
MORF,"Morphic Holding, Inc.",RUSSEL 2000
MOV,MOVADO GROUP INC,RUSSEL 2000
MPB,MID PENN BANCORP INC,RUSSEL 2000
MPLN,MultiPlan Corp,RUSSEL 2000
MPX,MARINE PRODUCTS CORP,RUSSEL 2000
MQ,"Marqeta, Inc.",RUSSEL 2000
MRC,MRC GLOBAL INC.,RUSSEL 2000
MRNS,"MARINUS PHARMACEUTICALS, INC.",RUSSEL 2000
MRSN,"Mersana Therapeutics, Inc.",RUSSEL 2000
MRTN,MARTEN TRANSPORT LTD,RUSSEL 2000
MSBI,"Midland States Bancorp, Inc.",RUSSEL 2000
MSEX,MIDDLESEX WATER CO,RUSSEL 2000
MSGE,Madison Square Garden Entertainment Corp.,RUSSEL 2000
MSTR,MICROSTRATEGY Inc,RUSSEL 2000
MTDR,Matador Resources Co,RUSSEL 2000
MTH,Meritage Homes CORP,RUSSEL 2000
MTRN,MATERION Corp,RUSSEL 2000
MTSI,"MACOM Technology Solutions Holdings, Inc.",RUSSEL 2000
MTTR,"Matterport, Inc./DE",RUSSEL 2000
MTW,MANITOWOC CO INC,RUSSEL 2000
MTX,MINERALS TECHNOLOGIES INC,RUSSEL 2000
MUR,MURPHY OIL CORP,RUSSEL 2000
MURA,Mural Oncology plc,RUSSEL 2000
MVBF,MVB FINANCIAL CORP,RUSSEL 2000
MVIS,"MICROVISION, INC.",RUSSEL 2000
MVST,"Microvast Holdings, Inc.",RUSSEL 2000
MWA,"Mueller Water Products, Inc.",RUSSEL 2000
MXCT,"MAXCYTE, INC.",RUSSEL 2000
MXL,"MAXLINEAR, INC",RUSSEL 2000
MYE,MYERS INDUSTRIES INC,RUSSEL 2000
MYFW,First Western Financial Inc,RUSSEL 2000
MYGN,MYRIAD GENETICS INC,RUSSEL 2000
MYPS,"PLAYSTUDIOS, Inc.",RUSSEL 2000
MYRG,MYR GROUP INC.,RUSSEL 2000
NABL,"N-able, Inc.",RUSSEL 2000
NAPA,"Duckhorn Portfolio, Inc.",RUSSEL 2000
NARI,"Inari Medical, Inc.",RUSSEL 2000
NAT,NORDIC AMERICAN TANKERS Ltd,RUSSEL 2000
NATH,"NATHANS FAMOUS, INC.",RUSSEL 2000
NATR,NATURES SUNSHINE PRODUCTS INC,RUSSEL 2000
NAUT,"Nautilus Biotechnology, Inc.",RUSSEL 2000
NAVI,NAVIENT CORP,RUSSEL 2000
NBHC,National Bank Holdings Corp,RUSSEL 2000
NBN,Northeast Bank,RUSSEL 2000
NBR,NABORS INDUSTRIES LTD,RUSSEL 2000
NBTB,NBT BANCORP INC,RUSSEL 2000
NC,NACCO INDUSTRIES INC,RUSSEL 2000
NDLS,NOODLES & Co,RUSSEL 2000
NE,Noble Corp plc,RUSSEL 2000
NECB,"NorthEast Community Bancorp, Inc./MD/",RUSSEL 2000
NEO,NEOGENOMICS INC,RUSSEL 2000
NEOG,NEOGEN CORP,RUSSEL 2000
NEWT,"NewtekOne, Inc.",RUSSEL 2000
NEXT,NextDecade Corp.,RUSSEL 2000
NFBK,"Northfield Bancorp, Inc.",RUSSEL 2000
NG,NOVAGOLD RESOURCES INC,RUSSEL 2000
NGM,NGM BIOPHARMACEUTICALS INC,RUSSEL 2000
NGVC,"Natural Grocers by Vitamin Cottage, Inc.",RUSSEL 2000
NGVT,Ingevity Corp,RUSSEL 2000
NHC,NATIONAL HEALTHCARE CORP,RUSSEL 2000
NHI,NATIONAL HEALTH INVESTORS INC,RUSSEL 2000
NIC,NICOLET BANKSHARES INC,RUSSEL 2000
NJR,NEW JERSEY RESOURCES CORP,RUSSEL 2000
NKLA,Nikola Corp,RUSSEL 2000
NKSH,NATIONAL BANKSHARES INC,RUSSEL 2000
NKTX,"Nkarta, Inc.",RUSSEL 2000
NL,NL INDUSTRIES INC,RUSSEL 2000
NMIH,"NMI Holdings, Inc.",RUSSEL 2000
NMRA,"Neumora Therapeutics, Inc.",RUSSEL 2000
NMRK,"NEWMARK GROUP, INC.",RUSSEL 2000
NN,NEXTNAV INC.,RUSSEL 2000
NNI,NELNET INC,RUSSEL 2000
NNOX,Nano-X Imaging Ltd.,RUSSEL 2000
NODK,"NI Holdings, Inc.",RUSSEL 2000
NOG,"NORTHERN OIL & GAS, INC.",RUSSEL 2000
NOTE,"FiscalNote Holdings, Inc.",RUSSEL 2000
NOVA,Sunnova Energy International Inc.,RUSSEL 2000
NOVT,NOVANTA INC,RUSSEL 2000
NPK,NATIONAL PRESTO INDUSTRIES INC,RUSSEL 2000
NPO,Enpro Inc.,RUSSEL 2000
NR,NEWPARK RESOURCES INC,RUSSEL 2000
NRC,NATIONAL RESEARCH CORP,RUSSEL 2000
NRDS,"NERDWALLET, INC.",RUSSEL 2000
NRDY,Nerdy Inc.,RUSSEL 2000
NREF,"NexPoint Real Estate Finance, Inc.",RUSSEL 2000
NRGV,"Energy Vault Holdings, Inc.",RUSSEL 2000
NRIM,NORTHRIM BANCORP INC,RUSSEL 2000
NRIX,"Nurix Therapeutics, Inc.",RUSSEL 2000
NSIT,INSIGHT ENTERPRISES INC,RUSSEL 2000
NSP,"INSPERITY, INC.",RUSSEL 2000
NSSC,"NAPCO SECURITY TECHNOLOGIES, INC",RUSSEL 2000
NTB,Bank of N.T. Butterfield & Son Ltd,RUSSEL 2000
NTCT,NETSCOUT SYSTEMS INC,RUSSEL 2000
NTGR,"NETGEAR, INC.",RUSSEL 2000
NTLA,"Intellia Therapeutics, Inc.",RUSSEL 2000
NTST,NETSTREIT Corp.,RUSSEL 2000
NUS,"NU SKIN ENTERPRISES, INC.",RUSSEL 2000
NUVB,Nuvation Bio Inc.,RUSSEL 2000
NUVL,"Nuvalent, Inc.",RUSSEL 2000
NVAX,NOVAVAX INC,RUSSEL 2000
NVCT,"Nuvectis Pharma, Inc.",RUSSEL 2000
NVEC,NVE CORP /NEW/,RUSSEL 2000
NVEE,"NV5 Global, Inc.",RUSSEL 2000
NVRI,ENVIRI Corp,RUSSEL 2000
NVRO,NEVRO CORP,RUSSEL 2000
NVTS,Navitas Semiconductor Corp,RUSSEL 2000
NWBI,"Northwest Bancshares, Inc.",RUSSEL 2000
NWE,NorthWestern Corp,RUSSEL 2000
NWFL,NORWOOD FINANCIAL CORP,RUSSEL 2000
NWLI,"National Western Life Group, Inc.",RUSSEL 2000
NWN,NORTHWEST NATURAL GAS CO,RUSSEL 2000
NWPX,NORTHWEST PIPE CO,RUSSEL 2000
NX,Quanex Building Products CORP,RUSSEL 2000
NXDT,NEXPOINT DIVERSIFIED REAL ESTATE TRUST,RUSSEL 2000
NXRT,"NexPoint Residential Trust, Inc.",RUSSEL 2000
NXT,Nextracker Inc.,RUSSEL 2000
NYMT,NEW YORK MORTGAGE TRUST INC,RUSSEL 2000
OABI,"OmniAb, Inc.",RUSSEL 2000
OB,Outbrain Inc.,RUSSEL 2000
OBIO,"Orchestra BioMed Holdings, Inc.",RUSSEL 2000
OBK,"Origin Bancorp, Inc.",RUSSEL 2000
OBT,"Orange County Bancorp, Inc. /DE/",RUSSEL 2000
OCFC,OCEANFIRST FINANCIAL CORP,RUSSEL 2000
OCN,Ocwen Financial Corp,RUSSEL 2000
OCUL,"OCULAR THERAPEUTIX, INC",RUSSEL 2000
ODC,Oil-Dri Corp of America,RUSSEL 2000
ODP,ODP Corp,RUSSEL 2000
OEC,Orion S.A.,RUSSEL 2000
OFG,OFG BANCORP,RUSSEL 2000
OFIX,Orthofix Medical Inc.,RUSSEL 2000
OFLX,"Omega Flex, Inc.",RUSSEL 2000
OGS,"ONE Gas, Inc.",RUSSEL 2000
OI,"O-I Glass, Inc. /DE/",RUSSEL 2000
OII,OCEANEERING INTERNATIONAL INC,RUSSEL 2000
OIS,"OIL STATES INTERNATIONAL, INC",RUSSEL 2000
OLMA,"Olema Pharmaceuticals, Inc.",RUSSEL 2000
OLO,Olo Inc.,RUSSEL 2000
OLP,ONE LIBERTY PROPERTIES INC,RUSSEL 2000
OM,"Outset Medical, Inc.",RUSSEL 2000
OMCL,"OMNICELL, INC.",RUSSEL 2000
OMER,OMEROS CORP,RUSSEL 2000
OMGA,"Omega Therapeutics, Inc.",RUSSEL 2000
OMI,OWENS & MINOR INC/VA/,RUSSEL 2000
ONB,OLD NATIONAL BANCORP /IN/,RUSSEL 2000
ONEW,OneWater Marine Inc.,RUSSEL 2000
ONL,Orion Office REIT Inc.,RUSSEL 2000
ONTF,ON24 INC.,RUSSEL 2000
ONTO,ONTO INNOVATION INC.,RUSSEL 2000
OOMA,OOMA INC,RUSSEL 2000
OPCH,"Option Care Health, Inc.",RUSSEL 2000
OPEN,Opendoor Technologies Inc.,RUSSEL 2000
OPFI,OppFi Inc.,RUSSEL 2000
OPI,OFFICE PROPERTIES INCOME TRUST,RUSSEL 2000
OPK,"OPKO HEALTH, INC.",RUSSEL 2000
OPRX,OptimizeRx Corp,RUSSEL 2000
OPTN,"OptiNose, Inc.",RUSSEL 2000
ORA,"ORMAT TECHNOLOGIES, INC.",RUSSEL 2000
ORC,"Orchid Island Capital, Inc.",RUSSEL 2000
ORGN,"Origin Materials, Inc.",RUSSEL 2000
ORGO,Organogenesis Holdings Inc.,RUSSEL 2000
ORIC,"Oric Pharmaceuticals, Inc.",RUSSEL 2000
ORRF,ORRSTOWN FINANCIAL SERVICES INC,RUSSEL 2000
OSBC,OLD SECOND BANCORP INC,RUSSEL 2000
OSCR,"Oscar Health, Inc.",RUSSEL 2000
OSG,OVERSEAS SHIPHOLDING GROUP INC,RUSSEL 2000
OSIS,OSI SYSTEMS INC,RUSSEL 2000
OSPN,OneSpan Inc.,RUSSEL 2000
OSUR,ORASURE TECHNOLOGIES INC,RUSSEL 2000
OSW,ONESPAWORLD HOLDINGS Ltd,RUSSEL 2000
OTLK,"Outlook Therapeutics, Inc.",RUSSEL 2000
OTTR,Otter Tail Corp,RUSSEL 2000
OUT,OUTFRONT Media Inc.,RUSSEL 2000
OVID,Ovid Therapeutics Inc.,RUSSEL 2000
OVLY,Oak Valley Bancorp,RUSSEL 2000
OXM,OXFORD INDUSTRIES INC,RUSSEL 2000
PACB,"PACIFIC BIOSCIENCES OF CALIFORNIA, INC.",RUSSEL 2000
PACK,Ranpak Holdings Corp.,RUSSEL 2000
PAGS,PagSeguro Digital Ltd.,RUSSEL 2000
PAHC,PHIBRO ANIMAL HEALTH CORP,RUSSEL 2000
PANL,Pangaea Logistics Solutions Ltd.,RUSSEL 2000
PAR,PAR TECHNOLOGY CORP,RUSSEL 2000
PARR,"PAR PACIFIC HOLDINGS, INC.",RUSSEL 2000
PATK,PATRICK INDUSTRIES INC,RUSSEL 2000
PAX,Patria Investments Ltd,RUSSEL 2000
PAYO,Payoneer Global Inc.,RUSSEL 2000
PAYS,"Paysign, Inc.",RUSSEL 2000
PBF,PBF Energy Inc.,RUSSEL 2000
PBFS,"Pioneer Bancorp, Inc./MD",RUSSEL 2000
PBH,Prestige Consumer Healthcare Inc.,RUSSEL 2000
PBI,PITNEY BOWES INC /DE/,RUSSEL 2000
PBPB,POTBELLY CORP,RUSSEL 2000
PCB,PCB BANCORP,RUSSEL 2000
PCH,POTLATCHDELTIC CORP,RUSSEL 2000
PCRX,"Pacira BioSciences, Inc.",RUSSEL 2000
PCT,"PureCycle Technologies, Inc.",RUSSEL 2000
PCVX,"Vaxcyte, Inc.",RUSSEL 2000
PCYO,PURE CYCLE CORP,RUSSEL 2000
PD,"PagerDuty, Inc.",RUSSEL 2000
PDCO,"PATTERSON COMPANIES, INC.",RUSSEL 2000
PDFS,PDF SOLUTIONS INC,RUSSEL 2000
PDLB,"Ponce Financial Group, Inc.",RUSSEL 2000
PDM,"Piedmont Office Realty Trust, Inc.",RUSSEL 2000
PDSB,PDS Biotechnology Corp,RUSSEL 2000
PEB,Pebblebrook Hotel Trust,RUSSEL 2000
PEBO,PEOPLES BANCORP INC,RUSSEL 2000
PECO,"Phillips Edison & Company, Inc.",RUSSEL 2000
PEPG,PepGen Inc.,RUSSEL 2000
PETQ,"PetIQ, Inc.",RUSSEL 2000
PETS,PETMED EXPRESS INC,RUSSEL 2000
PFBC,Preferred Bank-Los Angeles CA,RUSSEL 2000
PFC,PREMIER FINANCIAL CORP,RUSSEL 2000
PFIS,PEOPLES FINANCIAL SERVICES CORP.,RUSSEL 2000
PFMT,Performant Financial Corp,RUSSEL 2000
PFS,PROVIDENT FINANCIAL SERVICES INC,RUSSEL 2000
PFSI,"PennyMac Financial Services, Inc.",RUSSEL 2000
PGC,PEAPACK GLADSTONE FINANCIAL CORP,RUSSEL 2000
PGEN,"PRECIGEN, INC.",RUSSEL 2000
PGNY,"Progyny, Inc.",RUSSEL 2000
PGRE,"Paramount Group, Inc.",RUSSEL 2000
PGTI,"PGT Innovations, Inc.",RUSSEL 2000
PHAT,"Phathom Pharmaceuticals, Inc.",RUSSEL 2000
PHR,"Phreesia, Inc.",RUSSEL 2000
PI,IMPINJ INC,RUSSEL 2000
PIII,P3 Health Partners Inc.,RUSSEL 2000
PINE,"Alpine Income Property Trust, Inc.",RUSSEL 2000
PIPR,PIPER SANDLER COMPANIES,RUSSEL 2000
PJT,PJT Partners Inc.,RUSSEL 2000
PKBK,"PARKE BANCORP, INC.",RUSSEL 2000
PKE,PARK AEROSPACE CORP,RUSSEL 2000
PKOH,PARK OHIO HOLDINGS CORP,RUSSEL 2000
PKST,Peakstone Realty Trust,RUSSEL 2000
PL,Planet Labs PBC,RUSSEL 2000
PLAB,PHOTRONICS INC,RUSSEL 2000
PLAY,"Dave & Buster's Entertainment, Inc.",RUSSEL 2000
PLBC,PLUMAS BANCORP,RUSSEL 2000
PLCE,Children's Place Inc-The,RUSSEL 2000
PLL,Piedmont Lithium Inc.,RUSSEL 2000
PLMR,"Palomar Holdings, Inc.",RUSSEL 2000
PLOW,"DOUGLAS DYNAMICS, INC",RUSSEL 2000
PLPC,PREFORMED LINE PRODUCTS CO,RUSSEL 2000
PLRX,"PLIANT THERAPEUTICS, INC.",RUSSEL 2000
PLSE,"Pulse Biosciences, Inc.",RUSSEL 2000
PLUS,EPLUS INC,RUSSEL 2000
PLX,"Protalix BioTherapeutics, Inc.",RUSSEL 2000
PLXS,PLEXUS CORP,RUSSEL 2000
PLYM,"Plymouth Industrial REIT, Inc.",RUSSEL 2000
PMT,PennyMac Mortgage Investment Trust,RUSSEL 2000
PMTS,CPI Card Group Inc.,RUSSEL 2000
PMVP,"PMV Pharmaceuticals, Inc.",RUSSEL 2000
PNM,PNM Resources Inc,RUSSEL 2000
PNRG,PRIMEENERGY RESOURCES CORP,RUSSEL 2000
PNTG,"Pennant Group, Inc.",RUSSEL 2000
POR,PORTLAND GENERAL ELECTRIC CO /OR/,RUSSEL 2000
POWI,POWER INTEGRATIONS INC,RUSSEL 2000
POWL,POWELL INDUSTRIES INC,RUSSEL 2000
POWW,"AMMO, INC.",RUSSEL 2000
PPBI,PACIFIC PREMIER BANCORP INC,RUSSEL 2000
PPTA,PERPETUA RESOURCES CORP.,RUSSEL 2000
PR,Permian Resources Corp,RUSSEL 2000
PRA,PROASSURANCE CORP,RUSSEL 2000
PRAA,PRA GROUP INC,RUSSEL 2000
PRCT,PROCEPT BioRobotics Corp,RUSSEL 2000
PRDO,PERDOCEO EDUCATION Corp,RUSSEL 2000
PRFT,PERFICIENT INC,RUSSEL 2000
PRG,"PROG Holdings, Inc.",RUSSEL 2000
PRGS,PROGRESS SOFTWARE CORP /MA,RUSSEL 2000
PRIM,Primoris Services Corp,RUSSEL 2000
PRK,PARK NATIONAL CORP /OH/,RUSSEL 2000
PRKS,United Parks & Resorts Inc.,RUSSEL 2000
PRLB,Proto Labs Inc,RUSSEL 2000
PRLD,Prelude Therapeutics Inc,RUSSEL 2000
PRM,"Perimeter Solutions, SA",RUSSEL 2000
PRME,"Prime Medicine, Inc.",RUSSEL 2000
PRMW,Primo Water Corp,RUSSEL 2000
PRO,"PROS Holdings, Inc.",RUSSEL 2000
PROK,PROKIDNEY CORP.,RUSSEL 2000
PRPL,"Purple Innovation, Inc.",RUSSEL 2000
PRST,Presto Automation Inc.,RUSSEL 2000
PRTA,PROTHENA CORP PUBLIC LTD CO,RUSSEL 2000
PRTH,"Priority Technology Holdings, Inc.",RUSSEL 2000
PRTS,"CarParts.com, Inc.",RUSSEL 2000
PRVA,"Privia Health Group, Inc.",RUSSEL 2000
PSFE,Paysafe Ltd,RUSSEL 2000
PSMT,PRICESMART INC,RUSSEL 2000
PSN,PARSONS CORP,RUSSEL 2000
PSTL,"Postal Realty Trust, Inc.",RUSSEL 2000
PSTX,"Poseida Therapeutics, Inc.",RUSSEL 2000
PTCT,"PTC THERAPEUTICS, INC.",RUSSEL 2000
PTEN,PATTERSON UTI ENERGY INC,RUSSEL 2000
PTGX,"Protagonist Therapeutics, Inc",RUSSEL 2000
PTLO,Portillo's Inc.,RUSSEL 2000
PTSI,PAM Transportation Services Inc,RUSSEL 2000
PTVE,Pactiv Evergreen Inc.,RUSSEL 2000
PUBM,"PubMatic, Inc.",RUSSEL 2000
PUMP,ProPetro Holding Corp.,RUSSEL 2000
PWOD,PENNS WOODS BANCORP INC,RUSSEL 2000
PWP,Perella Weinberg Partners,RUSSEL 2000
PWSC,"POWERSCHOOL HOLDINGS, INC.",RUSSEL 2000
PX,"P10, Inc.",RUSSEL 2000
PZZA,PAPA JOHNS INTERNATIONAL INC,RUSSEL 2000
QCRH,QCR HOLDINGS INC,RUSSEL 2000
QIPT,Quipt Home Medical Corp.,RUSSEL 2000
QLYS,"QUALYS, INC.",RUSSEL 2000
QNST,"QUINSTREET, INC",RUSSEL 2000
QSI,Quantum-Si Inc,RUSSEL 2000
QTRX,Quanterix Corp,RUSSEL 2000
QTWO,"Q2 Holdings, Inc.",RUSSEL 2000
QUAD,"Quad/Graphics, Inc.",RUSSEL 2000
RAMP,"LiveRamp Holdings, Inc.",RUSSEL 2000
RAPT,"RAPT Therapeutics, Inc.",RUSSEL 2000
RBB,RBB Bancorp,RUSSEL 2000
RBBN,Ribbon Communications Inc.,RUSSEL 2000
RBCAA,REPUBLIC BANCORP INC /KY/,RUSSEL 2000
RBOT,Vicarious Surgical Inc.,RUSSEL 2000
RC,Ready Capital Corp,RUSSEL 2000
RCEL,"AVITA Medical, Inc.",RUSSEL 2000
RCKT,"ROCKET PHARMACEUTICALS, INC.",RUSSEL 2000
RCKY,"ROCKY BRANDS, INC.",RUSSEL 2000
RCUS,"Arcus Biosciences, Inc.",RUSSEL 2000
RDFN,Redfin Corp,RUSSEL 2000
RDN,RADIAN GROUP INC,RUSSEL 2000
RDNT,"RadNet, Inc.",RUSSEL 2000
RDUS,"RADIUS RECYCLING, INC.",RUSSEL 2000
RDVT,"Red Violet, Inc.",RUSSEL 2000
RDW,Redwire Corp,RUSSEL 2000
REFI,"Chicago Atlantic Real Estate Finance, Inc.",RUSSEL 2000
REI,"RING ENERGY, INC.",RUSSEL 2000
RELL,"RICHARDSON ELECTRONICS, LTD.",RUSSEL 2000
RELY,"Remitly Global, Inc.",RUSSEL 2000
RENT,"Rent the Runway, Inc.",RUSSEL 2000
REPL,"Replimune Group, Inc.",RUSSEL 2000
REPX,"Riley Exploration Permian, Inc.",RUSSEL 2000
RES,RPC INC,RUSSEL 2000
REVG,"REV Group, Inc.",RUSSEL 2000
REX,REX AMERICAN RESOURCES Corp,RUSSEL 2000
REZI,"RESIDEO TECHNOLOGIES, INC.",RUSSEL 2000
RGCO,RGC RESOURCES INC,RUSSEL 2000
RGNX,REGENXBIO Inc.,RUSSEL 2000
RGP,"RESOURCES CONNECTION, INC.",RUSSEL 2000
RGR,STURM RUGER & CO INC,RUSSEL 2000
RHP,"Ryman Hospitality Properties, Inc.",RUSSEL 2000
RICK,"RCI HOSPITALITY HOLDINGS, INC.",RUSSEL 2000
RIGL,RIGEL PHARMACEUTICALS INC,RUSSEL 2000
RILY,"B. Riley Financial, Inc.",RUSSEL 2000
RIOT,"Riot Platforms, Inc.",RUSSEL 2000
RKLB,"Rocket Lab USA, Inc.",RUSSEL 2000
RLAY,"Relay Therapeutics, Inc.",RUSSEL 2000
RLGT,"RADIANT LOGISTICS, INC",RUSSEL 2000
RLJ,RLJ Lodging Trust,RUSSEL 2000
RLYB,Rallybio Corp,RUSSEL 2000
RM,Regional Management Corp.,RUSSEL 2000
RMAX,"RE/MAX Holdings, Inc.",RUSSEL 2000
RMBS,RAMBUS INC,RUSSEL 2000
RMNI,"Rimini Street, Inc.",RUSSEL 2000
RMR,RMR GROUP INC.,RUSSEL 2000
RNA,"Avidity Biosciences, Inc.",RUSSEL 2000
RNAC,"Cartesian Therapeutics, Inc.",RUSSEL 2000
RNGR,"Ranger Energy Services, Inc.",RUSSEL 2000
RNST,RENASANT CORP,RUSSEL 2000
ROAD,"Construction Partners, Inc.",RUSSEL 2000
ROCK,"GIBRALTAR INDUSTRIES, INC.",RUSSEL 2000
ROG,ROGERS CORP,RUSSEL 2000
ROIC,RETAIL OPPORTUNITY INVESTMENTS CORP,RUSSEL 2000
ROVR,Rover Metals Corp,RUSSEL 2000
RPAY,Repay Holdings Corp,RUSSEL 2000
RPD,"Rapid7, Inc.",RUSSEL 2000
RPHM,"OnKure Therapeutics, Inc.",RUSSEL 2000
RRBI,RED RIVER BANCSHARES INC,RUSSEL 2000
RRGB,RED ROBIN GOURMET BURGERS INC,RUSSEL 2000
RRR,"Red Rock Resorts, Inc.",RUSSEL 2000
RSI,"Rush Street Interactive, Inc.",RUSSEL 2000
RSVR,"Reservoir Media, Inc.",RUSSEL 2000
RUSHA,RUSH ENTERPRISES INC \TX\,RUSSEL 2000
RUSHB,RUSH ENTERPRISES INC \TX\,RUSSEL 2000
RVLV,"Revolve Group, Inc.",RUSSEL 2000
RVMD,"Revolution Medicines, Inc.",RUSSEL 2000
RVNC,"Revance Therapeutics, Inc.",RUSSEL 2000
RWT,REDWOOD TRUST INC,RUSSEL 2000
RXO,"RXO, Inc.",RUSSEL 2000
RXRX,"RECURSION PHARMACEUTICALS, INC.",RUSSEL 2000
RXST,"RxSight, Inc.",RUSSEL 2000
RXT,"Rackspace Technology, Inc.",RUSSEL 2000
RYAM,RAYONIER ADVANCED MATERIALS INC.,RUSSEL 2000
RYI,Ryerson Holding Corp,RUSSEL 2000
RYTM,"RHYTHM PHARMACEUTICALS, INC.",RUSSEL 2000
SABR,Sabre Corp,RUSSEL 2000
SAFE,Safehold Inc.,RUSSEL 2000
SAFT,SAFETY INSURANCE GROUP INC,RUSSEL 2000
SAGE,"Sage Therapeutics, Inc.",RUSSEL 2000
SAH,SONIC AUTOMOTIVE INC,RUSSEL 2000
SAMG,Silvercrest Asset Management Group Inc.,RUSSEL 2000
SANA,"Sana Biotechnology, Inc.",RUSSEL 2000
SANM,SANMINA CORP,RUSSEL 2000
SASR,SANDY SPRING BANCORP INC,RUSSEL 2000
SATS,EchoStar CORP,RUSSEL 2000
SAVA,CASSAVA SCIENCES INC,RUSSEL 2000
SAVE,"Spirit Airlines, Inc.",RUSSEL 2000
SB,"SAFE BULKERS, INC.",RUSSEL 2000
SBCF,SEACOAST BANKING CORP OF FLORIDA,RUSSEL 2000
SBGI,"Sinclair, Inc.",RUSSEL 2000
SBH,"Sally Beauty Holdings, Inc.",RUSSEL 2000
SBOW,"SILVERBOW RESOURCES, INC.",RUSSEL 2000
SBRA,"Sabra Health Care REIT, Inc.",RUSSEL 2000
SBSI,SOUTHSIDE BANCSHARES INC,RUSSEL 2000
SBT,"Sterling Bancorp, Inc.",RUSSEL 2000
SCHL,SCHOLASTIC CORP,RUSSEL 2000
SCL,STEPAN CO,RUSSEL 2000
SCLX,Scilex Holding Co,RUSSEL 2000
SCPH,scPharmaceuticals Inc.,RUSSEL 2000
SCS,STEELCASE INC,RUSSEL 2000
SCSC,"SCANSOURCE, INC.",RUSSEL 2000
SCVL,SHOE CARNIVAL INC,RUSSEL 2000
SCWO,374Water Inc.,RUSSEL 2000
SD,SANDRIDGE ENERGY INC,RUSSEL 2000
SDGR,"Schrodinger, Inc.",RUSSEL 2000
SDRL,Seadrill Ltd,RUSSEL 2000
SEAT,Vivid Seats Inc.,RUSSEL 2000
SEER,"Seer, Inc.",RUSSEL 2000
SEM,SELECT MEDICAL HOLDINGS CORP,RUSSEL 2000
SEMR,"SEMrush Holdings, Inc.",RUSSEL 2000
SENEA,Seneca Foods Corp,RUSSEL 2000
SES,SES AI Corp,RUSSEL 2000
SFBS,"ServisFirst Bancshares, Inc.",RUSSEL 2000
SFIX,"Stitch Fix, Inc.",RUSSEL 2000
SFL,SFL Corp Ltd.,RUSSEL 2000
SFM,"Sprouts Farmers Market, Inc.",RUSSEL 2000
SFNC,SIMMONS FIRST NATIONAL CORP,RUSSEL 2000
SFST,SOUTHERN FIRST BANCSHARES INC,RUSSEL 2000
SG,"Sweetgreen, Inc.",RUSSEL 2000
SGH,SWEDISH EXPORT CREDIT CORP /SWED/,RUSSEL 2000
SGHC,Super Group (SGHC) Ltd,RUSSEL 2000
SGHT,"Sight Sciences, Inc.",RUSSEL 2000
SGMO,"SANGAMO THERAPEUTICS, INC",RUSSEL 2000
SGMT,Sagimet Biosciences Inc.,RUSSEL 2000
SGRY,"Surgery Partners, Inc.",RUSSEL 2000
SHAK,Shake Shack Inc.,RUSSEL 2000
SHBI,SHORE BANCSHARES INC,RUSSEL 2000
SHCR,"Sharecare, Inc.",RUSSEL 2000
SHEN,SHENANDOAH TELECOMMUNICATIONS CO/VA/,RUSSEL 2000
SHLS,"Shoals Technologies Group, Inc.",RUSSEL 2000
SHO,"Sunstone Hotel Investors, Inc.",RUSSEL 2000
SHOO,"STEVEN MADDEN, LTD.",RUSSEL 2000
SHYF,"SHYFT GROUP, INC.",RUSSEL 2000
SIBN,"SI-BONE, Inc.",RUSSEL 2000
SIG,SIGNET JEWELERS LTD,RUSSEL 2000
SIGA,SIGA TECHNOLOGIES INC,RUSSEL 2000
SIGI,SELECTIVE INSURANCE GROUP INC,RUSSEL 2000
SILK,Silk Road Medical Inc,RUSSEL 2000
SITC,SITE Centers Corp.,RUSSEL 2000
SITM,SITIME Corp,RUSSEL 2000
SIX,Six Flags Entertainment Corp,RUSSEL 2000
SJW,SJW GROUP,RUSSEL 2000
SKIL,Skillsoft Corp.,RUSSEL 2000
SKIN,Beauty Health Co,RUSSEL 2000
SKT,TANGER INC.,RUSSEL 2000
SKWD,"Skyward Specialty Insurance Group, Inc.",RUSSEL 2000
SKY,Skyline Champion Corp,RUSSEL 2000
SKYT,"SkyWater Technology, Inc",RUSSEL 2000
SKYW,SKYWEST INC,RUSSEL 2000
SKYX,SKYX Platforms Corp.,RUSSEL 2000
SLAB,SILICON LABORATORIES INC.,RUSSEL 2000
SLCA,"U.S. SILICA HOLDINGS, INC.",RUSSEL 2000
SLDP,"Solid Power, Inc.",RUSSEL 2000
SLG,SL GREEN REALTY CORP,RUSSEL 2000
SLP,"Simulations Plus, Inc.",RUSSEL 2000
SLQT,"SelectQuote, Inc.",RUSSEL 2000
SLRN,"ACELYRIN, Inc.",RUSSEL 2000
SLVM,Sylvamo Corp,RUSSEL 2000
SM,SM Energy Co,RUSSEL 2000
SMBC,"SOUTHERN MISSOURI BANCORP, INC.",RUSSEL 2000
SMBK,SMARTFINANCIAL INC.,RUSSEL 2000
SMCI,"Super Micro Computer, Inc.",RUSSEL 2000
SMHI,SEACOR Marine Holdings Inc.,RUSSEL 2000
SMLR,"Semler Scientific, Inc.",RUSSEL 2000
SMMF,"SUMMIT FINANCIAL GROUP, INC.",RUSSEL 2000
SMMT,Summit Therapeutics Inc.,RUSSEL 2000
SMP,"STANDARD MOTOR PRODUCTS, INC.",RUSSEL 2000
SMPL,Simply Good Foods Co,RUSSEL 2000
SMR,NUSCALE POWER Corp,RUSSEL 2000
SMRT,"SmartRent, Inc.",RUSSEL 2000
SMTC,SEMTECH CORP,RUSSEL 2000
SMTI,Sanara MedTech Inc.,RUSSEL 2000
SNBR,Sleep Number Corp,RUSSEL 2000
SNCY,"Sun Country Airlines Holdings, Inc.",RUSSEL 2000
SNDX,Syndax Pharmaceuticals Inc,RUSSEL 2000
SNEX,StoneX Group Inc.,RUSSEL 2000
SNFCA,SECURITY NATIONAL FINANCIAL CORP,RUSSEL 2000
SNPO,Snap One Holdings Corp.,RUSSEL 2000
SOI,Solaris Oilfield Infrastructure Inc,RUSSEL 2000
SONO,Sonos Inc,RUSSEL 2000
SOUN,"SOUNDHOUND AI, INC.",RUSSEL 2000
SOVO,"Sovos Brands, Inc.",RUSSEL 2000
SP,SP Plus Corp,RUSSEL 2000
SPCE,"Virgin Galactic Holdings, Inc",RUSSEL 2000
SPFI,"SOUTH PLAINS FINANCIAL, INC.",RUSSEL 2000
SPHR,Sphere Entertainment Co.,RUSSEL 2000
SPNS,SAPIENS INTERNATIONAL CORP N V,RUSSEL 2000
SPNT,SiriusPoint Ltd,RUSSEL 2000
SPOK,"Spok Holdings, Inc",RUSSEL 2000
SPRY,"ARS Pharmaceuticals, Inc.",RUSSEL 2000
SPSC,SPS COMMERCE INC,RUSSEL 2000
SPT,"Sprout Social, Inc.",RUSSEL 2000
SPTN,SpartanNash Co,RUSSEL 2000
SPWH,"SPORTSMAN'S WAREHOUSE HOLDINGS, INC.",RUSSEL 2000
SPXC,"SPX Technologies, Inc.",RUSSEL 2000
SQSP,"Squarespace, Inc.",RUSSEL 2000
SR,SPIRE MISSOURI INC,RUSSEL 2000
SRCE,1ST SOURCE CORP,RUSSEL 2000
SRDX,SURMODICS INC,RUSSEL 2000
SRI,STONERIDGE INC,RUSSEL 2000
SRRK,Scholar Rock Holding Corp,RUSSEL 2000
SSB,SouthState Corp,RUSSEL 2000
SSBK,"Southern States Bancshares, Inc.",RUSSEL 2000
SSD,"Simpson Manufacturing Co., Inc.",RUSSEL 2000
SSP,E.W. SCRIPPS Co,RUSSEL 2000
SST,"System1, Inc.",RUSSEL 2000
SSTI,"SOUNDTHINKING, INC.",RUSSEL 2000
SSTK,"Shutterstock, Inc.",RUSSEL 2000
STAA,STAAR SURGICAL CO,RUSSEL 2000
STBA,S&T BANCORP INC,RUSSEL 2000
STC,STEWART INFORMATION SERVICES CORP,RUSSEL 2000
STEL,"Stellar Bancorp, Inc.",RUSSEL 2000
STEM,"STEM, INC.",RUSSEL 2000
STEP,StepStone Group Inc.,RUSSEL 2000
STER,Sterling Check Corp.,RUSSEL 2000
STGW,Stagwell Inc,RUSSEL 2000
STHO,Star Holdings,RUSSEL 2000
STKL,SunOpta Inc.,RUSSEL 2000
STKS,"ONE Group Hospitality, Inc.",RUSSEL 2000
STNE,StoneCo Ltd,RUSSEL 2000
STNG,Scorpio Tankers Inc.,RUSSEL 2000
STOK,"Stoke Therapeutics, Inc.",RUSSEL 2000
STR,Sitio Royalties Corp.,RUSSEL 2000
STRA,"Strategic Education, Inc.",RUSSEL 2000
STRL,"STERLING INFRASTRUCTURE, INC.",RUSSEL 2000
STRO,"SUTRO BIOPHARMA, INC.",RUSSEL 2000
STRS,STRATUS PROPERTIES INC,RUSSEL 2000
SUM,"Summit Materials, Inc.",RUSSEL 2000
SUPN,Supernus Pharmaceuticals Inc,RUSSEL 2000
SVC,Service Properties Trust,RUSSEL 2000
SVRA,Savara Inc,RUSSEL 2000
SVV,"Savers Value Village, Inc.",RUSSEL 2000
SWBI,"SMITH & WESSON BRANDS, INC.",RUSSEL 2000
SWI,SolarWinds Corp,RUSSEL 2000
SWIM,"Latham Group, Inc.",RUSSEL 2000
SWKH,SWK Holdings Corp,RUSSEL 2000
SWTX,"SpringWorks Therapeutics, Inc.",RUSSEL 2000
SWX,"Southwest Gas Holdings, Inc.",RUSSEL 2000
SXC,"SunCoke Energy, Inc.",RUSSEL 2000
SXI,STANDEX INTERNATIONAL CORP/DE/,RUSSEL 2000
SXT,SENSIENT TECHNOLOGIES CORP,RUSSEL 2000
SYBT,"Stock Yards Bancorp, Inc.",RUSSEL 2000
SYNA,SYNAPTICS Inc,RUSSEL 2000
TALO,TALOS ENERGY INC.,RUSSEL 2000
TARO,TARO PHARMACEUTICAL INDUSTRIES LTD,RUSSEL 2000
TARS,"Tarsus Pharmaceuticals, Inc.",RUSSEL 2000
TAST,"CARROLS RESTAURANT GROUP, INC.",RUSSEL 2000
TBBK,"Bancorp, Inc.",RUSSEL 2000
TBI,"TrueBlue, Inc.",RUSSEL 2000
TBPH,"Theravance Biopharma, Inc.",RUSSEL 2000
TCBI,TEXAS CAPITAL BANCSHARES INC/TX,RUSSEL 2000
TCBK,TRICO BANCSHARES /,RUSSEL 2000
TCBX,"Third Coast Bancshares, Inc.",RUSSEL 2000
TCI,TRANSCONTINENTAL REALTY INVESTORS INC,RUSSEL 2000
TCMD,TACTILE SYSTEMS TECHNOLOGY INC,RUSSEL 2000
TCX,TUCOWS INC /PA/,RUSSEL 2000
TDS,TELEPHONE & DATA SYSTEMS INC /DE/,RUSSEL 2000
TDUP,ThredUp Inc.,RUSSEL 2000
TDW,TIDEWATER INC,RUSSEL 2000
TELA,"TELA Bio, Inc.",RUSSEL 2000
TELL,TELLURIAN INC. /DE/,RUSSEL 2000
TENB,"Tenable Holdings, Inc.",RUSSEL 2000
TERN,"Terns Pharmaceuticals, Inc.",RUSSEL 2000
TEX,TEREX CORP,RUSSEL 2000
TFIN,"Triumph Financial, Inc.",RUSSEL 2000
TG,TREDEGAR CORP,RUSSEL 2000
TGAN,"Transphorm, Inc.",RUSSEL 2000
TGH,Tornado Global Hydrovacs Ltd,RUSSEL 2000
TGI,TRIUMPH GROUP INC,RUSSEL 2000
TGNA,TEGNA INC,RUSSEL 2000
TGTX,"TG THERAPEUTICS, INC.",RUSSEL 2000
TH,Target Hospitality Corp.,RUSSEL 2000
THFF,FIRST FINANCIAL CORP /IN/,RUSSEL 2000
THR,"Thermon Group Holdings, Inc.",RUSSEL 2000
THRD,"Third Harmonic Bio, Inc.",RUSSEL 2000
THRM,GENTHERM Inc,RUSSEL 2000
THRY,"Thryv Holdings, Inc.",RUSSEL 2000
THS,"TreeHouse Foods, Inc.",RUSSEL 2000
TILE,INTERFACE INC,RUSSEL 2000
TIO,"Tingo Group, Inc.",RUSSEL 2000
TIPT,TIPTREE INC.,RUSSEL 2000
TITN,Titan Machinery Inc.,RUSSEL 2000
TK,TEEKAY CORP,RUSSEL 2000
TLYS,"TILLY'S, INC.",RUSSEL 2000
TMCI,"TREACE MEDICAL CONCEPTS, INC.",RUSSEL 2000
TMDX,"TransMedics Group, Inc.",RUSSEL 2000
TMHC,Taylor Morrison Home Corp,RUSSEL 2000
TMP,TOMPKINS FINANCIAL CORP,RUSSEL 2000
TMST,TimkenSteel Corporation,RUSSEL 2000
TNC,TENNANT CO,RUSSEL 2000
TNET,"TRINET GROUP, INC.",RUSSEL 2000
TNGX,"Tango Therapeutics, Inc.",RUSSEL 2000
TNK,TEEKAY TANKERS LTD.,RUSSEL 2000
TNYA,"Tenaya Therapeutics, Inc.",RUSSEL 2000
TOWN,Towne Bank-Portsmouth VA,RUSSEL 2000
TPB,"Turning Point Brands, Inc.",RUSSEL 2000
TPC,TUTOR PERINI CORP,RUSSEL 2000
TPH,"Tri Pointe Homes, Inc.",RUSSEL 2000
TPIC,"TPI COMPOSITES, INC",RUSSEL 2000
TRC,TEJON RANCH CO,RUSSEL 2000
TRDA,"Entrada Therapeutics, Inc.",RUSSEL 2000
TREE,"LendingTree, Inc.",RUSSEL 2000
TRMK,TRUSTMARK CORP,RUSSEL 2000
TRN,TRINITY INDUSTRIES INC,RUSSEL 2000
TRNO,Terreno Realty Corp,RUSSEL 2000
TRNS,TRANSCAT INC,RUSSEL 2000
TROX,Tronox Holdings plc,RUSSEL 2000
TRS,TRIMAS CORP,RUSSEL 2000
TRST,TRUSTCO BANK CORP N Y,RUSSEL 2000
TRTX,"TPG RE Finance Trust, Inc.",RUSSEL 2000
TRUE,"TrueCar, Inc.",RUSSEL 2000
TRUP,"TRUPANION, INC.",RUSSEL 2000
TRVI,"Trevi Therapeutics, Inc.",RUSSEL 2000
TSBK,TIMBERLAND BANCORP INC,RUSSEL 2000
TSBX,Turnstone Biologics Corp.,RUSSEL 2000
TSE,Trinseo PLC,RUSSEL 2000
TSQ,"Townsquare Media, Inc.",RUSSEL 2000
TSVT,"2seventy bio, Inc.",RUSSEL 2000
TTEC,"TTEC Holdings, Inc.",RUSSEL 2000
TTGT,TechTarget Inc,RUSSEL 2000
TTI,TETRA TECHNOLOGIES INC,RUSSEL 2000
TTMI,TTM TECHNOLOGIES INC,RUSSEL 2000
TTSH,"TILE SHOP HOLDINGS, INC.",RUSSEL 2000
TUSK,"MAMMOTH ENERGY SERVICES, INC.",RUSSEL 2000
TVTX,"Travere Therapeutics, Inc.",RUSSEL 2000
TWI,TITAN INTERNATIONAL INC,RUSSEL 2000
TWKS,"Thoughtworks Holding, Inc.",RUSSEL 2000
TWO,TWO HARBORS INVESTMENT CORP.,RUSSEL 2000
TWST,Twist Bioscience Corp,RUSSEL 2000
TYRA,"Tyra Biosciences, Inc.",RUSSEL 2000
UBSI,UNITED BANKSHARES INC/WV,RUSSEL 2000
UCTT,"Ultra Clean Holdings, Inc.",RUSSEL 2000
UDMY,"Udemy, Inc.",RUSSEL 2000
UE,Urban Edge Properties,RUSSEL 2000
UEC,URANIUM ENERGY CORP,RUSSEL 2000
UFCS,UNITED FIRE GROUP INC,RUSSEL 2000
UFPI,UFP INDUSTRIES INC,RUSSEL 2000
UFPT,UFP TECHNOLOGIES INC,RUSSEL 2000
UHG,"United Homes Group, Inc.",RUSSEL 2000
UHT,UNIVERSAL HEALTH REALTY INCOME TRUST,RUSSEL 2000
UIS,UNISYS CORP,RUSSEL 2000
ULCC,"Frontier Group Holdings, Inc.",RUSSEL 2000
ULH,"UNIVERSAL LOGISTICS HOLDINGS, INC.",RUSSEL 2000
UMBF,UMB FINANCIAL CORP,RUSSEL 2000
UMH,"UMH PROPERTIES, INC.",RUSSEL 2000
UNF,UNIFIRST CORP,RUSSEL 2000
UNFI,UNITED NATURAL FOODS INC,RUSSEL 2000
UNIT,Uniti Group Inc.,RUSSEL 2000
UNTY,UNITY BANCORP INC /NJ/,RUSSEL 2000
UONE,"URBAN ONE, INC.",RUSSEL 2000
UONEK,"URBAN ONE, INC.",RUSSEL 2000
UPBD,"UPBOUND GROUP, INC.",RUSSEL 2000
UPST,"Upstart Holdings, Inc.",RUSSEL 2000
UPWK,"UPWORK, INC",RUSSEL 2000
URBN,URBAN OUTFITTERS INC,RUSSEL 2000
URGN,UroGen Pharma Ltd.,RUSSEL 2000
USCB,"USCB FINANCIAL HOLDINGS, INC.",RUSSEL 2000
USLM,UNITED STATES LIME & MINERALS INC,RUSSEL 2000
USNA,USANA HEALTH SCIENCES INC,RUSSEL 2000
USPH,U S PHYSICAL THERAPY INC /NV,RUSSEL 2000
UTI,UNIVERSAL TECHNICAL INSTITUTE INC,RUSSEL 2000
UTL,UNITIL CORP,RUSSEL 2000
UTMD,UTAH MEDICAL PRODUCTS INC,RUSSEL 2000
UTZ,"Utz Brands, Inc.",RUSSEL 2000
UUUU,ENERGY FUELS INC,RUSSEL 2000
UVE,"UNIVERSAL INSURANCE HOLDINGS, INC.",RUSSEL 2000
UVSP,UNIVEST FINANCIAL Corp,RUSSEL 2000
UVV,UNIVERSAL CORP /VA/,RUSSEL 2000
VABK,Virginia National Bankshares Corp,RUSSEL 2000
VAL,Valaris Ltd,RUSSEL 2000
VALU,VALUE LINE INC,RUSSEL 2000
VATE,INNOVATE Corp.,RUSSEL 2000
VAXX,"Vaxxinity, Inc.",RUSSEL 2000
VBTX,"Veritex Holdings, Inc.",RUSSEL 2000
VC,VISTEON CORP,RUSSEL 2000
VCEL,Vericel Corp,RUSSEL 2000
VCTR,"Victory Capital Holdings, Inc.",RUSSEL 2000
VCYT,"VERACYTE, INC.",RUSSEL 2000
VECO,VEECO INSTRUMENTS INC,RUSSEL 2000
VEL,"Velocity Financial, Inc.",RUSSEL 2000
VERA,"Vera Therapeutics, Inc.",RUSSEL 2000
VERI,"Veritone, Inc.",RUSSEL 2000
VERV,"Verve Therapeutics, Inc.",RUSSEL 2000
VGAS,"Verde Clean Fuels, Inc.",RUSSEL 2000
VGR,VECTOR GROUP LTD,RUSSEL 2000
VHI,VALHI INC /DE/,RUSSEL 2000
VIAV,VIAVI SOLUTIONS INC.,RUSSEL 2000
VICR,VICOR CORP,RUSSEL 2000
VIGL,"Vigil Neuroscience, Inc.",RUSSEL 2000
VIR,"Vir Biotechnology, Inc.",RUSSEL 2000
VITL,"Vital Farms, Inc.",RUSSEL 2000
VKTX,"Viking Therapeutics, Inc.",RUSSEL 2000
VLGEA,VILLAGE SUPER MARKET INC,RUSSEL 2000
VLY,VALLEY NATIONAL BANCORP,RUSSEL 2000
VMD,"VIEMED HEALTHCARE, INC.",RUSSEL 2000
VMEO,"Vimeo, Inc.",RUSSEL 2000
VNDA,Vanda Pharmaceuticals Inc.,RUSSEL 2000
VOR,Vor Biopharma Inc.,RUSSEL 2000
VOXX,VOXX International Corp,RUSSEL 2000
VPG,"Vishay Precision Group, Inc.",RUSSEL 2000
VRA,"Vera Bradley, Inc.",RUSSEL 2000
VRCA,Verrica Pharmaceuticals Inc.,RUSSEL 2000
VRDN,"Viridian Therapeutics, Inc.\DE",RUSSEL 2000
VRE,"Veris Residential, Inc.",RUSSEL 2000
VREX,Varex Imaging Corp,RUSSEL 2000
VRNS,VARONIS SYSTEMS INC,RUSSEL 2000
VRNT,VERINT SYSTEMS INC,RUSSEL 2000
VRRM,VERRA MOBILITY Corp,RUSSEL 2000
VRTS,"VIRTUS INVESTMENT PARTNERS, INC.",RUSSEL 2000
VSEC,VSE CORP,RUSSEL 2000
VSH,VISHAY INTERTECHNOLOGY INC,RUSSEL 2000
VSTO,Vista Outdoor Inc.,RUSSEL 2000
VTLE,"Vital Energy, Inc.",RUSSEL 2000
VTOL,Bristow Group Inc.,RUSSEL 2000
VTS,"Vitesse Energy, Inc.",RUSSEL 2000
VTYX,"Ventyx Biosciences, Inc.",RUSSEL 2000
VUZI,Vuzix Corp,RUSSEL 2000
VVI,VIAD CORP,RUSSEL 2000
VVX,"V2X, Inc.",RUSSEL 2000
VYGR,"Voyager Therapeutics, Inc.",RUSSEL 2000
VZIO,Vizio Holding Corp.,RUSSEL 2000
WABC,WESTAMERICA BANCORPORATION,RUSSEL 2000
WAFD,WAFD INC,RUSSEL 2000
WALD,Waldencast plc,RUSSEL 2000
WASH,WASHINGTON TRUST BANCORP INC,RUSSEL 2000
WD,"Walker & Dunlop, Inc.",RUSSEL 2000
WDFC,WD 40 CO,RUSSEL 2000
WEAV,"Weave Communications, Inc.",RUSSEL 2000
WERN,WERNER ENTERPRISES INC,RUSSEL 2000
WEST,Westrock Coffee Co,RUSSEL 2000
WEYS,WEYCO GROUP INC,RUSSEL 2000
WFRD,Weatherford International plc,RUSSEL 2000
WGO,WINNEBAGO INDUSTRIES INC,RUSSEL 2000
WHD,"Cactus, Inc.",RUSSEL 2000
WINA,WINMARK CORP,RUSSEL 2000
WIRE,ENCORE WIRE CORP,RUSSEL 2000
WISH,ContextLogic Inc.,RUSSEL 2000
WK,WORKIVA INC,RUSSEL 2000
WKC,WORLD KINECT CORP,RUSSEL 2000
WKHS,Workhorse Group Inc.,RUSSEL 2000
WLDN,"Willdan Group, Inc.",RUSSEL 2000
WLFC,WILLIS LEASE FINANCE CORP,RUSSEL 2000
WLLBW,Chord Energy Corp,RUSSEL 2000
WLY,"JOHN WILEY & SONS, INC.",RUSSEL 2000
WMK,WEIS MARKETS INC,RUSSEL 2000
WNC,WABASH NATIONAL Corp,RUSSEL 2000
WOR,"WORTHINGTON ENTERPRISES, INC.",RUSSEL 2000
WOW,"WideOpenWest, Inc.",RUSSEL 2000
WRBY,Warby Parker Inc.,RUSSEL 2000
WRLD,WORLD ACCEPTANCE CORP,RUSSEL 2000
WS,"Worthington Steel, Inc.",RUSSEL 2000
WSBC,WESBANCO INC,RUSSEL 2000
WSBF,Waterstone Financial Inc,RUSSEL 2000
WSFS,WSFS FINANCIAL CORP,RUSSEL 2000
WSR,Whitestone REIT,RUSSEL 2000
WT,"WisdomTree, Inc.",RUSSEL 2000
WTBA,WEST BANCORPORATION INC,RUSSEL 2000
WTI,W&T OFFSHORE INC,RUSSEL 2000
WTS,WATTS WATER TECHNOLOGIES INC,RUSSEL 2000
WTTR,"Select Water Solutions, Inc.",RUSSEL 2000
WULF,TERAWULF INC.,RUSSEL 2000
WVE,Wave Life Sciences Ltd.,RUSSEL 2000
WW,"WW INTERNATIONAL, INC.",RUSSEL 2000
WWW,WOLVERINE WORLD WIDE INC /DE/,RUSSEL 2000
XAIR,"Beyond Air, Inc.",RUSSEL 2000
XERS,"Xeris Biopharma Holdings, Inc.",RUSSEL 2000
XFOR,"X4 Pharmaceuticals, Inc",RUSSEL 2000
XHR,"Xenia Hotels & Resorts, Inc.",RUSSEL 2000
XMTR,"Xometry, Inc.",RUSSEL 2000
XNCR,Xencor Inc,RUSSEL 2000
XOMA,XOMA Corp,RUSSEL 2000
XPEL,"XPEL, Inc.",RUSSEL 2000
XPER,Xperi Inc.,RUSSEL 2000
XPOF,"Xponential Fitness, Inc.",RUSSEL 2000
XPRO,EXPRO GROUP HOLDINGS N.V.,RUSSEL 2000
XRX,Xerox Holdings Corp,RUSSEL 2000
YELP,YELP INC,RUSSEL 2000
YEXT,"Yext, Inc.",RUSSEL 2000
YMAB,"Y-mAbs Therapeutics, Inc.",RUSSEL 2000
YORW,YORK WATER CO,RUSSEL 2000
YOU,"Clear Secure, Inc.",RUSSEL 2000
ZD,"ZIFF DAVIS, INC.",RUSSEL 2000
ZETA,Zeta Global Holdings Corp.,RUSSEL 2000
ZEUS,Olympic Steel Inc,RUSSEL 2000
ZIMV,ZimVie Inc.,RUSSEL 2000
ZIP,"ZIPRECRUITER, INC.",RUSSEL 2000
ZNTL,"Zentalis Pharmaceuticals, Inc.",RUSSEL 2000
ZUMZ,Zumiez Inc,RUSSEL 2000
ZUO,ZUORA INC,RUSSEL 2000
ZURA,Zura Bio Ltd,RUSSEL 2000
ZVIA,Zevia PBC,RUSSEL 2000
ZVRA,"ZEVRA THERAPEUTICS, INC.",RUSSEL 2000
ZWS,Zurn Elkay Water Solutions Corp,RUSSEL 2000
ZYME,Zymeworks Inc.,RUSSEL 2000
ZYXI,ZYNEX INC,RUSSEL 2000
MMM,3M,S&P 500
AOS,A. O. Smith,S&P 500
ABT,Abbott Laboratories,S&P 500
ABBV,AbbVie,S&P 500
ACN,Accenture,S&P 500
ADBE,Adobe Inc.,S&P 500
AMD,Advanced Micro Devices,S&P 500
AES,AES Corporation,S&P 500
AFL,Aflac,S&P 500
A,Agilent Technologies,S&P 500
APD,Air Products,S&P 500
ABNB,Airbnb,S&P 500
AKAM,Akamai Technologies,S&P 500
ALB,Albemarle Corporation,S&P 500
ARE,Alexandria Real Estate Equities,S&P 500
ALGN,Align Technology,S&P 500
ALLE,Allegion,S&P 500
LNT,Alliant Energy,S&P 500
ALL,Allstate,S&P 500
GOOGL,Alphabet Inc. (Class A),S&P 500
GOOG,Alphabet Inc. (Class C),S&P 500
MO,Altria,S&P 500
AMZN,Amazon,S&P 500
AMCR,Amcor,S&P 500
AMTM,Amentum,S&P 500
AEE,Ameren,S&P 500
AEP,American Electric Power,S&P 500
AXP,American Express,S&P 500
AIG,American International Group,S&P 500
AMT,American Tower,S&P 500
AWK,American Water Works,S&P 500
AMP,Ameriprise Financial,S&P 500
AME,Ametek,S&P 500
AMGN,Amgen,S&P 500
APH,Amphenol,S&P 500
ADI,Analog Devices,S&P 500
ANSS,Ansys,S&P 500
AON,Aon,S&P 500
APA,APA Corporation,S&P 500
AAPL,Apple Inc.,S&P 500
AMAT,Applied Materials,S&P 500
APTV,Aptiv,S&P 500
ACGL,Arch Capital Group,S&P 500
ADM,Archer Daniels Midland,S&P 500
ANET,Arista Networks,S&P 500
AJG,Arthur J. Gallagher & Co.,S&P 500
AIZ,Assurant,S&P 500
T,AT&T,S&P 500
ATO,Atmos Energy,S&P 500
ADSK,Autodesk,S&P 500
ADP,Automatic Data Processing,S&P 500
AZO,AutoZone,S&P 500
AVB,AvalonBay Communities,S&P 500
AVY,Avery Dennison,S&P 500
AXON,Axon Enterprise,S&P 500
BKR,Baker Hughes,S&P 500
BALL,Ball Corporation,S&P 500
BAC,Bank of America,S&P 500
BAX,Baxter International,S&P 500
BDX,Becton Dickinson,S&P 500
BRK-B,Berkshire Hathaway,S&P 500
BBY,Best Buy,S&P 500
TECH,Bio-Techne,S&P 500
BIIB,Biogen,S&P 500
BLK,BlackRock,S&P 500
BX,Blackstone Inc.,S&P 500
BK,BNY Mellon,S&P 500
BA,Boeing,S&P 500
BKNG,Booking Holdings,S&P 500
BWA,BorgWarner,S&P 500
BSX,Boston Scientific,S&P 500
BMY,Bristol Myers Squibb,S&P 500
AVGO,Broadcom,S&P 500
BR,Broadridge Financial Solutions,S&P 500
BRO,Brown & Brown,S&P 500
BF-B,BrownForman,S&P 500
BLDR,Builders FirstSource,S&P 500
BG,Bunge Global,S&P 500
BXP,"BXP, Inc.",S&P 500
CHRW,C.H. Robinson,S&P 500
CDNS,Cadence Design Systems,S&P 500
CZR,Caesars Entertainment,S&P 500
CPT,Camden Property Trust,S&P 500
CPB,Campbell Soup Company,S&P 500
COF,Capital One,S&P 500
CAH,Cardinal Health,S&P 500
KMX,CarMax,S&P 500
CCL,Carnival,S&P 500
CARR,Carrier Global,S&P 500
CAT,Caterpillar Inc.,S&P 500
CBOE,Cboe Global Markets,S&P 500
CBRE,CBRE Group,S&P 500
CDW,CDW,S&P 500
CE,Celanese,S&P 500
COR,Cencora,S&P 500
CNC,Centene Corporation,S&P 500
CNP,CenterPoint Energy,S&P 500
CF,CF Industries,S&P 500
CRL,Charles River Laboratories,S&P 500
SCHW,Charles Schwab Corporation,S&P 500
CHTR,Charter Communications,S&P 500
CVX,Chevron Corporation,S&P 500
CMG,Chipotle Mexican Grill,S&P 500
CB,Chubb Limited,S&P 500
CHD,Church & Dwight,S&P 500
CI,Cigna,S&P 500
CINF,Cincinnati Financial,S&P 500
CTAS,Cintas,S&P 500
CSCO,Cisco,S&P 500
C,Citigroup,S&P 500
CFG,Citizens Financial Group,S&P 500
CLX,Clorox,S&P 500
CME,CME Group,S&P 500
CMS,CMS Energy,S&P 500
KO,Coca-Cola Company (The),S&P 500
CTSH,Cognizant,S&P 500
CL,Colgate-Palmolive,S&P 500
CMCSA,Comcast,S&P 500
CAG,Conagra Brands,S&P 500
COP,ConocoPhillips,S&P 500
ED,Consolidated Edison,S&P 500
STZ,Constellation Brands,S&P 500
CEG,Constellation Energy,S&P 500
COO,Cooper Companies (The),S&P 500
CPRT,Copart,S&P 500
GLW,Corning Inc.,S&P 500
CPAY,Corpay,S&P 500
CTVA,Corteva,S&P 500
CSGP,CoStar Group,S&P 500
COST,Costco,S&P 500
CTRA,Coterra,S&P 500
CRWD,CrowdStrike,S&P 500
CCI,Crown Castle,S&P 500
CSX,CSX Corporation,S&P 500
CMI,Cummins,S&P 500
CVS,CVS Health,S&P 500
DHR,Danaher Corporation,S&P 500
DRI,Darden Restaurants,S&P 500
DVA,DaVita,S&P 500
DAY,Dayforce,S&P 500
DECK,Deckers Brands,S&P 500
DE,Deere & Company,S&P 500
DELL,Dell Technologies,S&P 500
DAL,Delta Air Lines,S&P 500
DVN,Devon Energy,S&P 500
DXCM,Dexcom,S&P 500
FANG,Diamondback Energy,S&P 500
DLR,Digital Realty,S&P 500
DFS,Discover Financial,S&P 500
DG,Dollar General,S&P 500
DLTR,Dollar Tree,S&P 500
D,Dominion Energy,S&P 500
DPZ,Domino's,S&P 500
DOV,Dover Corporation,S&P 500
DOW,Dow Inc.,S&P 500
DHI,D. R. Horton,S&P 500
DTE,DTE Energy,S&P 500
DUK,Duke Energy,S&P 500
DD,DuPont,S&P 500
EMN,Eastman Chemical Company,S&P 500
ETN,Eaton Corporation,S&P 500
EBAY,eBay,S&P 500
ECL,Ecolab,S&P 500
EIX,Edison International,S&P 500
EW,Edwards Lifesciences,S&P 500
EA,Electronic Arts,S&P 500
ELV,Elevance Health,S&P 500
EMR,Emerson Electric,S&P 500
ENPH,Enphase Energy,S&P 500
ETR,Entergy,S&P 500
EOG,EOG Resources,S&P 500
EPAM,EPAM Systems,S&P 500
EQT,EQT Corporation,S&P 500
EFX,Equifax,S&P 500
EQIX,Equinix,S&P 500
EQR,Equity Residential,S&P 500
ERIE,Erie Indemnity,S&P 500
ESS,Essex Property Trust,S&P 500
EL,Este Lauder Companies (The),S&P 500
EG,Everest Group,S&P 500
EVRG,Evergy,S&P 500
ES,Eversource Energy,S&P 500
EXC,Exelon,S&P 500
EXPE,Expedia Group,S&P 500
EXPD,Expeditors International,S&P 500
EXR,Extra Space Storage,S&P 500
XOM,ExxonMobil,S&P 500
FFIV,"F5, Inc.",S&P 500
FDS,FactSet,S&P 500
FICO,Fair Isaac,S&P 500
FAST,Fastenal,S&P 500
FRT,Federal Realty Investment Trust,S&P 500
FDX,FedEx,S&P 500
FIS,Fidelity National Information Services,S&P 500
FITB,Fifth Third Bancorp,S&P 500
FSLR,First Solar,S&P 500
FE,FirstEnergy,S&P 500
FI,Fiserv,S&P 500
FMC,FMC Corporation,S&P 500
F,Ford Motor Company,S&P 500
FTNT,Fortinet,S&P 500
FTV,Fortive,S&P 500
FOXA,Fox Corporation (Class A),S&P 500
FOX,Fox Corporation (Class B),S&P 500
BEN,Franklin Resources,S&P 500
FCX,Freeport-McMoRan,S&P 500
GRMN,Garmin,S&P 500
IT,Gartner,S&P 500
GE,GE Aerospace,S&P 500
GEHC,GE HealthCare,S&P 500
GEV,GE Vernova,S&P 500
GEN,Gen Digital,S&P 500
GNRC,Generac,S&P 500
GD,General Dynamics,S&P 500
GIS,General Mills,S&P 500
GM,General Motors,S&P 500
GPC,Genuine Parts Company,S&P 500
GILD,Gilead Sciences,S&P 500
GPN,Global Payments,S&P 500
GL,Globe Life,S&P 500
GDDY,GoDaddy,S&P 500
GS,Goldman Sachs,S&P 500
HAL,Halliburton,S&P 500
HIG,Hartford (The),S&P 500
HAS,Hasbro,S&P 500
HCA,HCA Healthcare,S&P 500
DOC,Healthpeak Properties,S&P 500
HSIC,Henry Schein,S&P 500
HSY,Hershey Company (The),S&P 500
HES,Hess Corporation,S&P 500
HPE,Hewlett Packard Enterprise,S&P 500
HLT,Hilton Worldwide,S&P 500
HOLX,Hologic,S&P 500
HD,Home Depot (The),S&P 500
HON,Honeywell,S&P 500
HRL,Hormel Foods,S&P 500
HST,Host Hotels & Resorts,S&P 500
HWM,Howmet Aerospace,S&P 500
HPQ,HP Inc.,S&P 500
HUBB,Hubbell Incorporated,S&P 500
HUM,Humana,S&P 500
HBAN,Huntington Bancshares,S&P 500
HII,Huntington Ingalls Industries,S&P 500
IBM,IBM,S&P 500
IEX,IDEX Corporation,S&P 500
IDXX,Idexx Laboratories,S&P 500
ITW,Illinois Tool Works,S&P 500
INCY,Incyte,S&P 500
IR,Ingersoll Rand,S&P 500
PODD,Insulet Corporation,S&P 500
INTC,Intel,S&P 500
ICE,Intercontinental Exchange,S&P 500
IFF,International Flavors & Fragrances,S&P 500
IP,International Paper,S&P 500
IPG,Interpublic Group of Companies (The),S&P 500
INTU,Intuit,S&P 500
ISRG,Intuitive Surgical,S&P 500
IVZ,Invesco,S&P 500
INVH,Invitation Homes,S&P 500
IQV,IQVIA,S&P 500
IRM,Iron Mountain,S&P 500
JBHT,J.B. Hunt,S&P 500
JBL,Jabil,S&P 500
JKHY,Jack Henry & Associates,S&P 500
J,Jacobs Solutions,S&P 500
JNJ,Johnson & Johnson,S&P 500
JCI,Johnson Controls,S&P 500
JPM,JPMorgan Chase,S&P 500
JNPR,Juniper Networks,S&P 500
K,Kellanova,S&P 500
KVUE,Kenvue,S&P 500
KDP,Keurig Dr Pepper,S&P 500
KEY,KeyCorp,S&P 500
KEYS,Keysight Technologies,S&P 500
KMB,Kimberly-Clark,S&P 500
KIM,Kimco Realty,S&P 500
KMI,Kinder Morgan,S&P 500
KKR,KKR,S&P 500
KLAC,KLA Corporation,S&P 500
KHC,Kraft Heinz,S&P 500
KR,Kroger,S&P 500
LHX,L3Harris,S&P 500
LH,LabCorp,S&P 500
LRCX,Lam Research,S&P 500
LW,Lamb Weston,S&P 500
LVS,Las Vegas Sands,S&P 500
LDOS,Leidos,S&P 500
LEN,Lennar,S&P 500
LLY,Lilly (Eli),S&P 500
LIN,Linde plc,S&P 500
LYV,Live Nation Entertainment,S&P 500
LKQ,LKQ Corporation,S&P 500
LMT,Lockheed Martin,S&P 500
L,Loews Corporation,S&P 500
LOW,Lowe's,S&P 500
LULU,Lululemon Athletica,S&P 500
LYB,LyondellBasell,S&P 500
MTB,M&T Bank,S&P 500
MPC,Marathon Petroleum,S&P 500
MKTX,MarketAxess,S&P 500
MAR,Marriott International,S&P 500
MMC,Marsh McLennan,S&P 500
MLM,Martin Marietta Materials,S&P 500
MAS,Masco,S&P 500
MA,Mastercard,S&P 500
MTCH,Match Group,S&P 500
MKC,McCormick & Company,S&P 500
MCD,McDonald's,S&P 500
MCK,McKesson Corporation,S&P 500
MDT,Medtronic,S&P 500
MRK,Merck & Co.,S&P 500
META,Meta Platforms,S&P 500
MET,MetLife,S&P 500
MTD,Mettler Toledo,S&P 500
MGM,MGM Resorts,S&P 500
MCHP,Microchip Technology,S&P 500
MU,Micron Technology,S&P 500
MSFT,Microsoft,S&P 500
MAA,Mid-America Apartment Communities,S&P 500
MRNA,Moderna,S&P 500
MHK,Mohawk Industries,S&P 500
MOH,Molina Healthcare,S&P 500
TAP,Molson Coors Beverage Company,S&P 500
MDLZ,Mondelez International,S&P 500
MPWR,Monolithic Power Systems,S&P 500
MNST,Monster Beverage,S&P 500
MCO,Moody's Corporation,S&P 500
MS,Morgan Stanley,S&P 500
MOS,Mosaic Company (The),S&P 500
MSI,Motorola Solutions,S&P 500
MSCI,MSCI,S&P 500
NDAQ,"Nasdaq, Inc.",S&P 500
NTAP,NetApp,S&P 500
NFLX,Netflix,S&P 500
NEM,Newmont,S&P 500
NWSA,News Corp (Class A),S&P 500
NWS,News Corp (Class B),S&P 500
NEE,NextEra Energy,S&P 500
NKE,"Nike, Inc.",S&P 500
NI,NiSource,S&P 500
NDSN,Nordson Corporation,S&P 500
NSC,Norfolk Southern Railway,S&P 500
NTRS,Northern Trust,S&P 500
NOC,Northrop Grumman,S&P 500
NCLH,Norwegian Cruise Line Holdings,S&P 500
NRG,NRG Energy,S&P 500
NUE,Nucor,S&P 500
NVDA,Nvidia,S&P 500
NVR,"NVR, Inc.",S&P 500
NXPI,NXP Semiconductors,S&P 500
ORLY,O'Reilly Auto Parts,S&P 500
OXY,Occidental Petroleum,S&P 500
ODFL,Old Dominion,S&P 500
OMC,Omnicom Group,S&P 500
ON,ON Semiconductor,S&P 500
OKE,ONEOK,S&P 500
ORCL,Oracle Corporation,S&P 500
OTIS,Otis Worldwide,S&P 500
PCAR,Paccar,S&P 500
PKG,Packaging Corporation of America,S&P 500
PLTR,Palantir Technologies,S&P 500
PANW,Palo Alto Networks,S&P 500
PARA,Paramount Global,S&P 500
PH,Parker Hannifin,S&P 500
PAYX,Paychex,S&P 500
PAYC,Paycom,S&P 500
PYPL,PayPal,S&P 500
PNR,Pentair,S&P 500
PEP,PepsiCo,S&P 500
PFE,Pfizer,S&P 500
PCG,PG&E Corporation,S&P 500
PM,Philip Morris International,S&P 500
PSX,Phillips 66,S&P 500
PNW,Pinnacle West,S&P 500
PNC,PNC Financial Services,S&P 500
POOL,Pool Corporation,S&P 500
PPG,PPG Industries,S&P 500
PPL,PPL Corporation,S&P 500
PFG,Principal Financial Group,S&P 500
PG,Procter & Gamble,S&P 500
PGR,Progressive Corporation,S&P 500
PLD,Prologis,S&P 500
PRU,Prudential Financial,S&P 500
PEG,Public Service Enterprise Group,S&P 500
PTC,PTC Inc.,S&P 500
PSA,Public Storage,S&P 500
PHM,PulteGroup,S&P 500
QRVO,Qorvo,S&P 500
PWR,Quanta Services,S&P 500
QCOM,Qualcomm,S&P 500
DGX,Quest Diagnostics,S&P 500
RL,Ralph Lauren Corporation,S&P 500
RJF,Raymond James Financial,S&P 500
RTX,RTX Corporation,S&P 500
O,Realty Income,S&P 500
REG,Regency Centers,S&P 500
REGN,Regeneron Pharmaceuticals,S&P 500
RF,Regions Financial Corporation,S&P 500
RSG,Republic Services,S&P 500
RMD,ResMed,S&P 500
RVTY,Revvity,S&P 500
ROK,Rockwell Automation,S&P 500
ROL,"Rollins, Inc.",S&P 500
ROP,Roper Technologies,S&P 500
ROST,Ross Stores,S&P 500
RCL,Royal Caribbean Group,S&P 500
SPGI,S&P Global,S&P 500
CRM,Salesforce,S&P 500
SBAC,SBA Communications,S&P 500
SLB,Schlumberger,S&P 500
STX,Seagate Technology,S&P 500
SRE,Sempra,S&P 500
NOW,ServiceNow,S&P 500
SHW,Sherwin-Williams,S&P 500
SPG,Simon Property Group,S&P 500
SWKS,Skyworks Solutions,S&P 500
SJM,J.M. Smucker Company (The),S&P 500
SW,Smurfit WestRock,S&P 500
SNA,Snap-on,S&P 500
SOLV,Solventum,S&P 500
SO,Southern Company,S&P 500
LUV,Southwest Airlines,S&P 500
SWK,Stanley Black & Decker,S&P 500
SBUX,Starbucks,S&P 500
STT,State Street Corporation,S&P 500
STLD,Steel Dynamics,S&P 500
STE,Steris,S&P 500
SYK,Stryker Corporation,S&P 500
SMCI,Supermicro,S&P 500
SYF,Synchrony Financial,S&P 500
SNPS,Synopsys,S&P 500
SYY,Sysco,S&P 500
TMUS,T-Mobile US,S&P 500
TROW,T. Rowe Price,S&P 500
TTWO,Take-Two Interactive,S&P 500
TPR,"Tapestry, Inc.",S&P 500
TRGP,Targa Resources,S&P 500
TGT,Target Corporation,S&P 500
TEL,TE Connectivity,S&P 500
TDY,Teledyne Technologies,S&P 500
TFX,Teleflex,S&P 500
TER,Teradyne,S&P 500
TSLA,"Tesla, Inc.",S&P 500
TXN,Texas Instruments,S&P 500
TPL,Texas Pacific Land Corporation,S&P 500
TXT,Textron,S&P 500
TMO,Thermo Fisher Scientific,S&P 500
TJX,TJX Companies,S&P 500
TSCO,Tractor Supply,S&P 500
TT,Trane Technologies,S&P 500
TDG,TransDigm Group,S&P 500
TRV,Travelers Companies (The),S&P 500
TRMB,Trimble Inc.,S&P 500
TFC,Truist Financial,S&P 500
TYL,Tyler Technologies,S&P 500
TSN,Tyson Foods,S&P 500
USB,U.S. Bancorp,S&P 500
UBER,Uber,S&P 500
UDR,"UDR, Inc.",S&P 500
ULTA,Ulta Beauty,S&P 500
UNP,Union Pacific Corporation,S&P 500
UAL,United Airlines Holdings,S&P 500
UPS,United Parcel Service,S&P 500
URI,United Rentals,S&P 500
UNH,UnitedHealth Group,S&P 500
UHS,Universal Health Services,S&P 500
VLO,Valero Energy,S&P 500
VTR,Ventas,S&P 500
VLTO,Veralto,S&P 500
VRSN,Verisign,S&P 500
VRSK,Verisk Analytics,S&P 500
VZ,Verizon,S&P 500
VRTX,Vertex Pharmaceuticals,S&P 500
VTRS,Viatris,S&P 500
VICI,Vici Properties,S&P 500
V,Visa Inc.,S&P 500
VST,Vistra Corp.,S&P 500
VMC,Vulcan Materials Company,S&P 500
WRB,W. R. Berkley Corporation,S&P 500
GWW,W. W. Grainger,S&P 500
WAB,Wabtec,S&P 500
WBA,Walgreens Boots Alliance,S&P 500
WMT,Walmart,S&P 500
DIS,Walt Disney Company (The),S&P 500
WBD,Warner Bros. Discovery,S&P 500
WM,Waste Management,S&P 500
WAT,Waters Corporation,S&P 500
WEC,WEC Energy Group,S&P 500
WFC,Wells Fargo,S&P 500
WELL,Welltower,S&P 500
WST,West Pharmaceutical Services,S&P 500
WDC,Western Digital,S&P 500
WY,Weyerhaeuser,S&P 500
WMB,Williams Companies,S&P 500
WTW,Willis Towers Watson,S&P 500
WYNN,Wynn Resorts,S&P 500
XEL,Xcel Energy,S&P 500
XYL,Xylem Inc.,S&P 500
YUM,Yum! Brands,S&P 500
ZBRA,Zebra Technologies,S&P 500
ZBH,Zimmer Biomet,S&P 500
ZTS,Zoetis,S&P 500
AC.PA,Accor,CAC 40
AI.PA,Air Liquide,CAC 40
AIR.PA,Airbus,CAC 40
MT.AS,ArcelorMittal,CAC 40
CS.PA,Axa,CAC 40
BNP.PA,BNP Paribas,CAC 40
EN.PA,Bouygues,CAC 40
CAP.PA,Capgemini,CAC 40
CA.PA,Carrefour,CAC 40
ACA.PA,Crdit Agricole,CAC 40
BN.PA,Danone,CAC 40
DSY.PA,Dassault Systmes,CAC 40
EDEN.PA,Edenred,CAC 40
ENGI.PA,Engie,CAC 40
EL.PA,EssilorLuxottica,CAC 40
ERF.PA,Eurofins Scientific,CAC 40
RMS.PA,Herms,CAC 40
KER.PA,Kering,CAC 40
OR.PA,L'Oral,CAC 40
LR.PA,Legrand,CAC 40
MC.PA,LVMH,CAC 40
ML.PA,Michelin,CAC 40
ORA.PA,Orange,CAC 40
RI.PA,Pernod Ricard,CAC 40
PUB.PA,Publicis,CAC 40
RNO.PA,Renault,CAC 40
SAF.PA,Safran,CAC 40
SGO.PA,Saint-Gobain,CAC 40
SAN.PA,Sanofi,CAC 40
SU.PA,Schneider Electric,CAC 40
GLE.PA,Socit Gnrale,CAC 40
STLAP.PA,Stellantis,CAC 40
STMPA.PA,STMicroelectronics,CAC 40
TEP.PA,Teleperformance,CAC 40
HO.PA,Thales,CAC 40
TTE.PA,TotalEnergies,CAC 40
URW.PA,Unibail-Rodamco-Westfield,CAC 40
VIE.PA,Veolia,CAC 40
DG.PA,Vinci,CAC 40
VIV.PA,Vivendi,CAC 40
ADS.DE,Adidas,DAX
AIR.PA,Airbus,DAX
ALV.DE,Allianz,DAX
BAS.DE,BASF,DAX
BAYN.DE,Bayer,DAX
BEI.DE,Beiersdorf,DAX
BMW.DE,BMW,DAX
BNR.DE,Brenntag,DAX
CBK.DE,Commerzbank,DAX
CON.DE,Continental,DAX
1COV.DE,Covestro,DAX
DTG.DE,Daimler Truck,DAX
DBK.DE,Deutsche Bank,DAX
DB1.DE,Deutsche Brse,DAX
DHL.DE,Deutsche Post,DAX
DTE.DE,Deutsche Telekom,DAX
EOAN.DE,E.ON,DAX
FRE.DE,Fresenius,DAX
HNR1.DE,Hannover Re,DAX
HEI.DE,Heidelberg Materials,DAX
HEN3.DE,Henkel,DAX
IFX.DE,Infineon Technologies,DAX
MBG.DE,Mercedes-Benz Group,DAX
MRK.DE,Merck,DAX
MTX.DE,MTU Aero Engines,DAX
MUV2.DE,Munich Re,DAX
P911.DE,Porsche,DAX
PAH3.DE,Porsche SE,DAX
QIA.DE,Qiagen,DAX
RHM.DE,Rheinmetall,DAX
RWE.DE,RWE,DAX
SAP.DE,SAP,DAX
SRT3.DE,Sartorius,DAX
SIE.DE,Siemens,DAX
ENR.DE,Siemens Energy,DAX
SHL.DE,Siemens Healthineers,DAX
SY1.DE,Symrise,DAX
VOW3.DE,Volkswagen Group,DAX
VNA.DE,Vonovia,DAX
ZAL.DE,Zalando,DAX
A2A.MI,A2A,FTSE MIB
AMP.MI,Amplifon,FTSE MIB
AZM.MI,Azimut,FTSE MIB
BMED.MI,Banca Mediolanum,FTSE MIB
BMPS.MI,Banca Monte dei Paschi di Siena,FTSE MIB
BAMI.MI,Banco BPM,FTSE MIB
BPSO.MI,Bca Pop Sondrio,FTSE MIB
BPE.MI,BPER Banca,FTSE MIB
BC.MI,Brunello Cucinelli,FTSE MIB
CPR.MI,Campari,FTSE MIB
DIA.MI,Diasorin,FTSE MIB
ENEL.MI,Enel,FTSE MIB
ENI.MI,Eni,FTSE MIB
ERG.MI,Erg,FTSE MIB
RACE.MI,Ferrari,FTSE MIB
FBK.MI,FinecoBank,FTSE MIB
G.MI,Generali,FTSE MIB
HER.MI,Hera,FTSE MIB
IP.MI,Interpump Group,FTSE MIB
ISP.MI,Intesa Sanpaolo,FTSE MIB
INW.MI,INWIT,FTSE MIB
IG.MI,Italgas,FTSE MIB
IVG.MI,Iveco Group,FTSE MIB
LDO.MI,Leonardo,FTSE MIB
MB.MI,Mediobanca,FTSE MIB
MONC.MI,Moncler,FTSE MIB
NEXI.MI,Nexi,FTSE MIB
PIRC.MI,Pirelli,FTSE MIB
PST.MI,Poste italiane,FTSE MIB
PRY.MI,Prysmian,FTSE MIB
REC.MI,Recordati,FTSE MIB
SPM.MI,Saipem,FTSE MIB
SRG.MI,Snam,FTSE MIB
STLAM.MI,Stellantis,FTSE MIB
STMMI.MI,STMicroelectronics,FTSE MIB
TIT.MI,Telecom Italia,FTSE MIB
TEN.MI,Tenaris,FTSE MIB
TRN.MI,Terna,FTSE MIB
UCG.MI,UniCredit,FTSE MIB
UNI.MI,Unipol,FTSE MIB
III.L,3i,FTSE 100
ADM.L,Admiral Group,FTSE 100
AAF.L,Airtel Africa,FTSE 100
AAL.L,Anglo American plc,FTSE 100
ANTO.L,Antofagasta plc,FTSE 100
AHT.L,Ashtead Group,FTSE 100
ABF.L,Associated British Foods,FTSE 100
AZN.L,AstraZeneca,FTSE 100
AUTO.L,Auto Trader Group,FTSE 100
AV.L,Aviva,FTSE 100
BME.L,B&M,FTSE 100
BA.L,BAE Systems,FTSE 100
BARC.L,Barclays,FTSE 100
BTRW.L,Barratt Redrow,FTSE 100
BEZ.L,Beazley,FTSE 100
BKG.L,Berkeley Group Holdings,FTSE 100
BP.L,BP,FTSE 100
BATS.L,British American Tobacco,FTSE 100
BLND.L,British Land,FTSE 100
BT-A.L,BT Group,FTSE 100
BNZL.L,Bunzl,FTSE 100
CNA.L,Centrica,FTSE 100
CCH.L,Coca-Cola HBC,FTSE 100
CPG.L,Compass Group,FTSE 100
CTEC.L,Convatec,FTSE 100
CRDA.L,Croda International,FTSE 100
DCC.L,DCC plc,FTSE 100
DGE.L,Diageo,FTSE 100
DPLM.L,Diploma,FTSE 100
EDV.L,Endeavour Mining,FTSE 100
ENT.L,Entain,FTSE 100
EZJ.L,EasyJet,FTSE 100
EXPN.L,Experian,FTSE 100
FCIT.L,F & C Investment Trust,FTSE 100
FRAS.L,Frasers Group,FTSE 100
FRES.L,Fresnillo plc,FTSE 100
GLEN.L,Glencore,FTSE 100
GSK.L,GSK plc,FTSE 100
HLN.L,Haleon,FTSE 100
HLMA.L,Halma plc,FTSE 100
HL.L,Hargreaves Lansdown,FTSE 100
HIK.L,Hikma Pharmaceuticals,FTSE 100
HSX.L,Hiscox,FTSE 100
HWDN.L,Howdens Joinery,FTSE 100
HSBA.L,HSBC,FTSE 100
IHG.L,IHG Hotels & Resorts,FTSE 100
IMI.L,IMI,FTSE 100
IMB.L,Imperial Brands,FTSE 100
INF.L,Informa,FTSE 100
ICG.L,Intermediate Capital Group,FTSE 100
IAG.L,International Airlines Group,FTSE 100
ITRK.L,Intertek,FTSE 100
JD.L,JD Sports,FTSE 100
KGF.L,Kingfisher plc,FTSE 100
LAND.L,Land Securities,FTSE 100
LGEN.L,Legal & General,FTSE 100
LLOY.L,Lloyds Banking Group,FTSE 100
LMP.L,LondonMetric Property,FTSE 100
LSEG.L,London Stock Exchange Group,FTSE 100
MNG.L,M&G,FTSE 100
MKS.L,Marks & Spencer,FTSE 100
MRO.L,Melrose Industries,FTSE 100
MNDI.L,Mondi,FTSE 100
NG.L,National Grid plc,FTSE 100
NWG.L,NatWest Group,FTSE 100
NXT.L,Next plc,FTSE 100
PSON.L,Pearson plc,FTSE 100
PSH.L,Pershing Square Holdings,FTSE 100
PSN.L,Persimmon,FTSE 100
PHNX.L,Phoenix Group,FTSE 100
PRU.L,Prudential plc,FTSE 100
RKT.L,Reckitt,FTSE 100
REL.L,RELX,FTSE 100
RTO.L,Rentokil Initial,FTSE 100
RMV.L,Rightmove,FTSE 100
RIO.L,Rio Tinto,FTSE 100
RR.L,Rolls-Royce Holdings,FTSE 100
SGE.L,Sage Group,FTSE 100
SBRY.L,Sainsbury's,FTSE 100
SDR.L,Schroders,FTSE 100
SMT.L,Scottish Mortgage Investment Trust,FTSE 100
SGRO.L,Segro,FTSE 100
SVT.L,Severn Trent,FTSE 100
SHEL.L,Shell plc,FTSE 100
SMDS.L,DS Smith,FTSE 100
SMIN.L,Smiths Group,FTSE 100
SN.L,Smith & Nephew,FTSE 100
SPX.L,Spirax Group,FTSE 100
SSE.L,SSE plc,FTSE 100
STAN.L,Standard Chartered,FTSE 100
TW.L,Taylor Wimpey,FTSE 100
TSCO.L,Tesco,FTSE 100
ULVR.L,Unilever,FTSE 100
UU.L,United Utilities,FTSE 100
UTG.L,Unite Group,FTSE 100
VTY.L,Vistry Group,FTSE 100
VOD.L,Vodafone Group,FTSE 100
WEIR.L,Weir Group,FTSE 100
WTB.L,Whitbread,FTSE 100
WPP.L,WPP plc,FTSE 100
ACS.MC,ACS,IBEX 35
ACX.MC,Acerinox,IBEX 35
AENA.MC,Aena,IBEX 35
AMS.MC,Amadeus IT Group,IBEX 35
ANA.MC,Acciona,IBEX 35
ANE.MC,Acciona Energa,IBEX 35
BBVA.MC,BBVA,IBEX 35
BKT.MC,Bankinter,IBEX 35
CABK.MC,CaixaBank,IBEX 35
CLNX.MC,Cellnex Telecom,IBEX 35
COL.MC,Inmobiliaria Colonial,IBEX 35
ELE.MC,Endesa,IBEX 35
ENG.MC,Enags,IBEX 35
FDR.MC,Fluidra,IBEX 35
FER.MC,Ferrovial,IBEX 35
GRF.MC,Grifols,IBEX 35
IAG.MC,International Airlines Group,IBEX 35
IBE.MC,Iberdrola,IBEX 35
IDR.MC,Indra,IBEX 35
ITX.MC,Inditex,IBEX 35
LOG.MC,Logista,IBEX 35
MAP.MC,Mapfre,IBEX 35
MRL.MC,Merlin Properties,IBEX 35
MTS.MC,ArcelorMittal,IBEX 35
NTGY.MC,Naturgy,IBEX 35
PUIG.MC,Puig,IBEX 35
RED.MC,Redeia Corporacin,IBEX 35
REP.MC,Repsol,IBEX 35
ROVI.MC,Laboratorios Rovi[es],IBEX 35
SAB.MC,Banco Sabadell,IBEX 35
SAN.MC,Santander,IBEX 35
SCYR.MC,Sacyr,IBEX 35
SLR.MC,Solaria,IBEX 35
TEF.MC,Telefnica,IBEX 35
UNI.MC,Unicaja,IBEX 35
