Ticker,Company Name,Market Cap
MSTR,MICROSTRATEGY Inc,78301730000
CVNA,CARVANA CO.,32863940000
SMCI,"Super Micro Computer, Inc.",24090160000
FIX,COMFORT SYSTEMS USA INC,17694480000
DUOL,"Duolingo, Inc.",16407560000
FTAI,FTAI Aviation Ltd.,16238740000
SFM,"Sprouts Farmers Market, Inc.",15169680000
DOC,"HEALTHPEAK PROPERTIES, INC.",15031030000
INSM,INSMED Inc,13476740000
SMMT,Summit Therapeutics Inc.,12920090000
PR,Permian Resources Corp,12267370000
RKLB,"Rocket Lab USA, Inc.",11957870000
AUR,"Aurora Innovation, Inc.",11891500000
CRDO,Credo Technology Group Holding Ltd,11773630000
COKE,"Coca-Cola Consolidated, Inc.",11542720000
PCVX,"Vaxcyte, Inc.",11222270000
AAON,"AAON, INC.",11034520000
APG,APi Group Corp,10636570000
AIT,APPLIED INDUSTRIAL TECHNOLOGIES INC,10573180000
PSN,PARSONS CORP,10500060000
BRBR,"BELLRING BRANDS, INC.",10140330000
MTSI,"MACOM Technology Solutions Holdings, Inc.",9986810000
HLNE,Hamilton Lane INC,9981480000
APPF,APPFOLIO INC,9783110000
CRS,CARPENTER TECHNOLOGY CORP,9712770000
FLR,FLUOR CORP,9599740000
PWSC,"POWERSCHOOL HOLDINGS, INC.",9275250000
KNTK,Kinetik Holdings Inc.,9258470000
DRS,"Leonardo DRS, Inc.",9235390000
ALTR,Altair Engineering Inc.,8996490000
MLI,MUELLER INDUSTRIES INC,8954360000
SUM,"Summit Materials, Inc.",8927780000
ITCI,"Intra-Cellular Therapies, Inc.",8914980000
HQY,"HEALTHEQUITY, INC.",8806240000
LNW,"Light & Wonder, Inc.",8621500000
FN,Fabrinet,8518240000
SSB,SouthState Corp,8449400000
ATI,ATI INC,8341740000
ENSG,"ENSIGN GROUP, INC",8223650000
CERE,"Cerevel Therapeutics Holdings, Inc.",8165220000
GTLS,CHART INDUSTRIES INC,8159790000
ONTO,ONTO INNOVATION INC.,8149070000
UFPI,UFP INDUSTRIES INC,8020510000
MARA,"MARATHON DIGITAL HOLDINGS, INC.",7978200000
RVMD,"Revolution Medicines, Inc.",7956780000
SPXC,"SPX Technologies, Inc.",7875870000
IONQ,"IonQ, Inc.",7779300000
ANF,ABERCROMBIE & FITCH CO /DE/,7659240000
SSD,"Simpson Manufacturing Co., Inc.",7610200000
CVLT,COMMVAULT SYSTEMS INC,7531360000
GKOS,GLAUKOS Corp,7482150000
EXLS,"ExlService Holdings, Inc.",7481030000
WLLBW,Chord Energy Corp,7440190000
CHRD,Chord Energy Corp,7440190000
ELF,"e.l.f. Beauty, Inc.",7392320000
ONB,OLD NATIONAL BANCORP /IN/,7374630000
JXN,Jackson Financial Inc.,7251750000
MTDR,Matador Resources Co,7249300000
MOD,MODINE MANUFACTURING CO,7227050000
WTS,WATTS WATER TECHNOLOGIES INC,7181340000
TMHC,Taylor Morrison Home Corp,7172050000
STEP,StepStone Group Inc.,7167760000
DDS,"DILLARD'S, INC.",7146220000
SPSC,SPS COMMERCE INC,7122900000
RHP,"Ryman Hospitality Properties, Inc.",7079120000
CWST,CASELLA WASTE SYSTEMS INC,7008190000
BECN,BEACON ROOFING SUPPLY INC,6999530000
CMC,COMMERCIAL METALS Co,6997652992
HIMS,"Hims & Hers Health, Inc.",6903940000
CSWI,"CSW INDUSTRIALS, INC.",6893600000
MDGL,"MADRIGAL PHARMACEUTICALS, INC.",6827750000
ZWS,Zurn Elkay Water Solutions Corp,6802130000
UPST,"Upstart Holdings, Inc.",6697050000
NUVL,"Nuvalent, Inc.",6659760000
BMI,BADGER METER INC,6593280000
QTWO,"Q2 Holdings, Inc.",6585530000
LUMN,"Lumen Technologies, Inc.",6565840000
ASTS,"AST SpaceMobile, Inc.",6521930000
SATS,EchoStar CORP,6506510000
MTH,Meritage Homes CORP,6505820000
HRI,HERC HOLDINGS INC,6493860000
SQSP,"Squarespace, Inc.",6448800000
AMKR,"AMKOR TECHNOLOGY, INC.",6414870000
GBCI,"GLACIER BANCORP, INC.",6413780000
BIPC,Brookfield Infrastructure Corp,6228630000
CORT,CORCEPT THERAPEUTICS INC,6225740000
SMR,NUSCALE POWER Corp,6218100000
INDB,INDEPENDENT BANK CORP,6215490000
LNTH,"Lantheus Holdings, Inc.",6211530000
BE,Bloom Energy Corp,6189837824
JOBY,"Joby Aviation, Inc.",6189540000
HOMB,HOME BANCSHARES INC,6164730000
COOP,Mr. Cooper Group Inc.,6147560000
RMBS,RAMBUS INC,6130220000
ZETA,Zeta Global Holdings Corp.,6123780000
HALO,"HALOZYME THERAPEUTICS, INC.",6114530000
MMSI,MERIT MEDICAL SYSTEMS INC,6101850000
UMBF,UMB FINANCIAL CORP,6055400000
BPMC,Blueprint Medicines Corp,6040040000
SIGI,SELECTIVE INSURANCE GROUP INC,6030770000
CRVL,CORVEL CORP,6026010000
WFRD,Weatherford International plc,6009770000
IBP,"Installed Building Products, Inc.",6006570000
SKY,Skyline Champion Corp,6002320000
ESNT,Essent Group Ltd.,5990420000
STRL,"STERLING INFRASTRUCTURE, INC.",5978610000
NOVT,NOVANTA INC,5972280000
FSS,FEDERAL SIGNAL CORP /DE/,5963380000
TRNO,Terreno Realty Corp,5962200000
CYTK,CYTOKINETICS INC,5947920000
FG,"F&G Annuities & Life, Inc.",5902080000
PIPR,PIPER SANDLER COMPANIES,5897640000
KRG,KITE REALTY GROUP TRUST,5882910000
RDNT,"RadNet, Inc.",5859960000
FFIN,FIRST FINANCIAL BANKSHARES INC,5850740000
SHAK,Shake Shack Inc.,5847430000
KNF,Knife River Corp,5831670000
EAT,"BRINKER INTERNATIONAL, INC",5809860000
ACIW,"ACI WORLDWIDE, INC.",5791950000
EPRT,"ESSENTIAL PROPERTIES REALTY TRUST, INC.",5768420000
KBH,KB HOME,5747220000
QLYS,"QUALYS, INC.",5736830000
BCPC,BALCHEM CORP,5733710000
GPI,GROUP 1 AUTOMOTIVE INC,5705550000
CNX,CNX Resources Corp,5699180000
DY,DYCOM INDUSTRIES INC,5665950000
CHX,ChampionX Corp,5663570000
GATX,GATX CORP,5653020000
ALTM,Altus Midstream Co,5645849600
CBT,CABOT CORP,5638510000
MC,Moelis & Co,5637600000
UBSI,UNITED BANKSHARES INC/WV,5625170000
IESC,"IES Holdings, Inc.",5620230000
VRNS,VARONIS SYSTEMS INC,5590930000
WK,WORKIVA INC,5583410000
VKTX,"Viking Therapeutics, Inc.",5558450000
ROAD,"Construction Partners, Inc.",5549730000
BCC,BOISE CASCADE Co,5547150000
SWX,"Southwest Gas Holdings, Inc.",5486960000
ETRN,Equitrans Midstream Corp,5486800000
ACT,"Enact Holdings, Inc.",5426310000
PFSI,"PennyMac Financial Services, Inc.",5424100000
MGEE,MGE ENERGY INC,5404810000
RRR,"Red Rock Resorts, Inc.",5323200000
VLY,VALLEY NATIONAL BANCORP,5307610000
WHD,"Cactus, Inc.",5267670000
MGY,Magnolia Oil & Gas Corp,5238320000
TGTX,"TG THERAPEUTICS, INC.",5238140000
ACA,"Arcosa, Inc.",5225950000
ITRI,"ITRON, INC.",5221370000
TENB,"Tenable Holdings, Inc.",5218680000
INTA,"Intapp, Inc.",5181730000
KRYS,"Krystal Biotech, Inc.",5170000000
SFBS,"ServisFirst Bancshares, Inc.",5165020000
RDN,RADIAN GROUP INC,5147110000
SITM,SITIME Corp,5128430000
CNS,"COHEN & STEERS, INC.",5117460000
NSIT,INSIGHT ENTERPRISES INC,5093020000
KTB,"Kontoor Brands, Inc.",5088460000
ABG,ASBURY AUTOMOTIVE GROUP INC,5076290000
LANC,LANCASTER COLONY CORP,5076090000
MATX,"Matson, Inc.",5060890000
LTH,"Life Time Group Holdings, Inc.",5050130000
ALKS,Alkermes plc.,5046620000
CTRE,"CareTrust REIT, Inc.",5045780000
BBIO,"BridgeBio Pharma, Inc.",5038470000
HWC,HANCOCK WHITNEY CORP,5037970000
PI,IMPINJ INC,4974540000
NJR,NEW JERSEY RESOURCES CORP,4968500000
ESGR,Enstar Group LTD,4960460000
SMTC,SEMTECH CORP,4948150000
MAC,MACERICH CO,4932290000
SOUN,"SOUNDHOUND AI, INC.",4928770000
BDC,BELDEN INC.,4927120000
POR,PORTLAND GENERAL ELECTRIC CO /OR/,4899470000
IDCC,"InterDigital, Inc.",4894130000
FELE,FRANKLIN ELECTRIC CO INC,4887180000
PRCT,PROCEPT BioRobotics Corp,4884870000
FRSH,Freshworks Inc.,4872930000
EXPO,EXPONENT INC,4865270000
SLG,SL GREEN REALTY CORP,4856020000
NE,Noble Corp plc,4849540000
PECO,"Phillips Edison & Company, Inc.",4821860000
LRN,"Stride, Inc.",4818720000
RUSHA,RUSH ENTERPRISES INC \TX\,4782230000
RUSHB,RUSH ENTERPRISES INC \TX\,4782230000
CALM,CAL-MAINE FOODS INC,4771260000
AXSM,"Axsome Therapeutics, Inc.",4766270000
AI,"C3.ai, Inc.",4762460000
ABCB,Ameris Bancorp,4756630000
KAI,KADANT INC,4754620000
MDC,"M.D.C. HOLDINGS, INC.",4746040000
FCFS,"FirstCash Holdings, Inc.",4742410000
IRT,"INDEPENDENCE REALTY TRUST, INC.",4731550000
ORA,"ORMAT TECHNOLOGIES, INC.",4729260000
AESI,Atlas Energy Solutions Inc. Class A Common Stock,4682000000
TNET,"TRINET GROUP, INC.",4681960000
WIRE,ENCORE WIRE CORP,4678890000
URBN,URBAN OUTFITTERS INC,4673910000
ACLX,"Arcellx, Inc.",4673130000
ITGR,Integer Holdings Corp,4671730000
AVAV,AeroVironment Inc,4671210000
CIVI,"CIVITAS RESOURCES, INC.",4659700000
FIZZ,NATIONAL BEVERAGE CORP,4639540000
SG,"Sweetgreen, Inc.",4632620000
GSHD,"Goosehead Insurance, Inc.",4630790000
PLXS,PLEXUS CORP,4622290000
MUR,MURPHY OIL CORP,4611570000
BOX,BOX INC,4605710000
SM,SM Energy Co,4597315072
AROC,"Archrock, Inc.",4591260000
GH,"Guardant Health, Inc.",4585110000
AX,"Axos Financial, Inc.",4573100000
AEL,AMERICAN EQUITY INVESTMENT LIFE HOLDING CO,4571370000
SKYW,SKYWEST INC,4567930000
ADMA,"ADMA BIOLOGICS, INC.",4565880000
RXO,"RXO, Inc.",4560010000
AVNT,AVIENT CORP,4560000000
BOOT,"Boot Barn Holdings, Inc.",4535140000
GOLF,Acushnet Holdings Corp.,4533160000
BGC,"BGC Group, Inc.",4494970000
BKH,BLACK HILLS CORP /SD/,4492650000
IBOC,INTERNATIONAL BANCSHARES CORP,4460560000
PRIM,Primoris Services Corp,4457650000
MMS,"MAXIMUS, INC.",4452200000
GBTG,"Global Business Travel Group, Inc.",4446250000
GLNG,GOLAR LNG LTD,4421560000
RNA,"Avidity Biosciences, Inc.",4400130000
IPAR,INTER PARFUMS INC,4383660000
HLMN,Hillman Solutions Corp.,4383020000
VCTR,"Victory Capital Holdings, Inc.",4375490000
MHO,"M/I HOMES, INC.",4347640000
FTDR,"Frontdoor, Inc.",4342460000
AEIS,ADVANCED ENERGY INDUSTRIES INC,4321100000
SBRA,"Sabra Health Care REIT, Inc.",4320080000
GVA,GRANITE CONSTRUCTION INC,4319240000
CRK,COMSTOCK RESOURCES INC,4305000000
PNM,PNM Resources Inc,4304620000
USLM,UNITED STATES LIME & MINERALS INC,4302010000
MCY,MERCURY GENERAL CORP,4296800000
SANM,SANMINA CORP,4267290000
DORM,"Dorman Products, Inc.",4249560000
BRZE,"Braze, Inc.",4241580000
BANF,BANCFIRST CORP /OK/,4237850000
PBH,Prestige Consumer Healthcare Inc.,4233060000
SR,SPIRE MISSOURI INC,4228279999
OGS,"ONE Gas, Inc.",4194760000
MIR,"Mirion Technologies, Inc.",4187710000
IMVT,"Immunovant, Inc.",4168680000
ALPN,"ALPINE IMMUNE SCIENCES, INC.",4160229999
NOG,"NORTHERN OIL & GAS, INC.",4143740000
HGV,Hilton Grand Vacations Inc.,4130609999
FUL,FULLER H B CO,4130359999
KTOS,"KRATOS DEFENSE & SECURITY SOLUTIONS, INC.",4124319999
RELY,"Remitly Global, Inc.",4119670000
BLKB,BLACKBAUD INC,4097990000
NPO,Enpro Inc.,4096850000
RIOT,"Riot Platforms, Inc.",4094250000
GHC,Graham Holdings Co,4093680000
BCO,BRINKS CO,4083210000
CLSK,"CLEANSPARK, INC.",4075380000
GEO,GEO GROUP INC,4073180000
ALIT,"Alight, Inc. / Delaware",4072680000
CRC,California Resources Corp,4064410000
CNO,"CNO Financial Group, Inc.",4059210000
OSCR,"Oscar Health, Inc.",4055210000
HAE,HAEMONETICS CORP,4051560000
CVCO,CAVCO INDUSTRIES INC.,4037530000
CBZ,"CBIZ, Inc.",4030090000
TCBI,TEXAS CAPITAL BANCSHARES INC/TX,4025040000
UCBI,United Community Banks Inc-GA,4023190000
SKT,TANGER INC.,4005960000
CARG,"CarGurus, Inc.",3980310000
REZI,"RESIDEO TECHNOLOGIES, INC.",3968230000
ALKT,"ALKAMI TECHNOLOGY, INC.",3958560000
MWA,"Mueller Water Products, Inc.",3946930000
ASB,ASSOCIATED BANC-CORP,3941710000
VRRM,VERRA MOBILITY Corp,3938820000
BL,"BLACKLINE, INC.",3930960000
ASGN,ASGN Inc,3930710000
SRRK,Scholar Rock Holding Corp,3918720000
NNI,NELNET INC,3913680000
SMPL,Simply Good Foods Co,3910640000
IGT,International Game Technology PLC,3905390000
TDS,TELEPHONE & DATA SYSTEMS INC /DE/,3905280000
GSAT,"Globalstar, Inc.",3898600000
JBT,John Bean Technologies CORP,3889580000
TPH,"Tri Pointe Homes, Inc.",3885860000
APAM,Artisan Partners Asset Management Inc.,3883850000
EBC,"Eastern Bankshares, Inc.",3881110000
OPCH,"Option Care Health, Inc.",3866520000
GFF,GRIFFON CORP,3859700000
CCOI,"COGENT COMMUNICATIONS HOLDINGS, INC.",3859190000
FULT,FULTON FINANCIAL CORP,3851660000
PAYO,Payoneer Global Inc.,3847860000
APLE,"Apple Hospitality REIT, Inc.",3831600000
PJT,PJT Partners Inc.,3822430000
ENS,EnerSys,3801230000
GMS,GMS Inc.,3794600000
SIG,SIGNET JEWELERS LTD,3781140000
AUB,Atlantic Union Bankshares Corp,3775110000
YOU,"Clear Secure, Inc.",3770890000
KFY,KORN FERRY,3748930000
ALE,ALLETE INC,3744360000
PTCT,"PTC THERAPEUTICS, INC.",3732860000
WDFC,WD 40 CO,3732730000
ESE,ESCO TECHNOLOGIES INC,3727030000
AGYS,AGILYSYS INC,3687790000
ACVA,ACV Auctions Inc.,3678020000
HASI,"Hannon Armstrong Sustainable Infrastructure Capital, Inc.",3676620000
CDP,COPT DEFENSE PROPERTIES,3674930000
CEIX,CONSOL Energy Inc.,3666960000
KGS,"Kodiak Gas Services, Inc.",3665670000
SLVM,Sylvamo Corp,3655070000
DOCN,"DigitalOcean Holdings, Inc.",3648840000
WD,"Walker & Dunlop, Inc.",3641720000
UNF,UNIFIRST CORP,3640420000
AXNX,"Axonics, Inc.",3627730000
CATY,CATHAY GENERAL BANCORP,3626860000
UEC,URANIUM ENERGY CORP,3625870000
CBU,"COMMUNITY BANK SYSTEM, INC.",3589860000
FIBK,FIRST INTERSTATE BANCSYSTEM INC,3583280000
COMP,"Compass, Inc.",3567050000
POWI,POWER INTEGRATIONS INC,3563710000
SLAB,SILICON LABORATORIES INC.,3561820000
ABM,ABM INDUSTRIES INC /DE/,3560260000
RYTM,"RHYTHM PHARMACEUTICALS, INC.",3553450000
ATMU,Atmus Filtration Technologies Inc.,3550690000
TEX,TEREX CORP,3550420000
HL,HECLA MINING CO/DE/,3547940000
PBF,PBF Energy Inc.,3545800000
ASAN,"Asana, Inc.",3536060000
AVPT,"AvePoint, Inc.",3497090000
ENV,"ENVESTNET, INC.",3494540000
WSFS,WSFS FINANCIAL CORP,3492640000
HCC,"WARRIOR MET COAL, INC.",3486040000
JANX,"Janux Therapeutics, Inc.",3479560000
CWK,Cushman & Wakefield plc,3479020000
INST,"INSTRUCTURE HOLDINGS, INC.",3471310000
ASO,"Academy Sports & Outdoors, Inc.",3466210000
CBAY,"CymaBay Therapeutics, Inc.",3449510000
PCH,POTLATCHDELTIC CORP,3445880000
ATGE,Adtalem Global Education Inc.,3437530000
HP,"Helmerich & Payne, Inc.",3435700000
NHI,NATIONAL HEALTH INVESTORS INC,3433910000
POWL,POWELL INDUSTRIES INC,3428140000
SGHC,Super Group (SGHC) Ltd,3420840000
FA,FIRST ADVANTAGE CORP,3413340000
EE,"Excelerate Energy, Inc.",3411730000
AEO,AMERICAN EAGLE OUTFITTERS INC,3382910000
CADE,Cadence BanCorp,3381950000
AGIO,"AGIOS PHARMACEUTICALS, INC.",3363070000
ALRM,"Alarm.com Holdings, Inc.",3358710000
DNLI,Denali Therapeutics Inc.,3356250000
FBP,FIRST BANCORP /PR/,3351150000
VCYT,"VERACYTE, INC.",3320080000
SNEX,StoneX Group Inc.,3318130000
SXT,SENSIENT TECHNOLOGIES CORP,3304140000
GEFB,"GREIF, INC",3297400000
GEF,"GREIF, INC",3297400000
NWE,NorthWestern Corp,3294830000
CRGY,Crescent Energy Co,3292000000
LMND,"Lemonade, Inc.",3285320000
JJSF,J&J SNACK FOODS CORP,3284450000
OTTR,Otter Tail Corp,3284330000
PRKS,United Parks & Resorts Inc.,3284260000
ACHR,Archer Aviation Inc.,3257590000
BNL,"Broadstone Net Lease, Inc.",3229810000
BXMT,"BLACKSTONE MORTGAGE TRUST, INC.",3227970000
GNW,GENWORTH FINANCIAL INC,3224090000
DEI,Douglas Emmett Inc,3216430000
SHOO,"STEVEN MADDEN, LTD.",3210330000
CVBF,CVB FINANCIAL CORP,3209790000
GPOR,GULFPORT ENERGY CORP,3193490000
VAL,Valaris Ltd,3191080000
RSI,"Rush Street Interactive, Inc.",3189080000
IBRX,"ImmunityBio, Inc.",3184520000
FORM,FORMFACTOR INC,3178570000
PTEN,PATTERSON UTI ENERGY INC,3170350000
SYNA,SYNAPTICS Inc,3139780000
OUT,OUTFRONT Media Inc.,3138790000
ATKR,Atkore Inc.,3136380000
AWR,AMERICAN STATES WATER CO,3127330000
NMIH,"NMI Holdings, Inc.",3119380000
CRNX,"Crinetics Pharmaceuticals, Inc.",3110000000
SWTX,"SpringWorks Therapeutics, Inc.",3105630000
BKU,"BankUnited, Inc.",3099090000
HUBG,"Hub Group, Inc.",3096660000
BFH,"BREAD FINANCIAL HOLDINGS, INC.",3080350000
PRK,PARK NATIONAL CORP /OH/,3077320000
TRN,TRINITY INDUSTRIES INC,3068790000
NSP,"INSPERITY, INC.",3059070000
AMR,"Alpha Metallurgical Resources, Inc.",3054860000
AKR,ACADIA REALTY TRUST,3052400000
PATK,PATRICK INDUSTRIES INC,3051970000
FLNC,"Fluence Energy, Inc.",3050070000
VERA,"Vera Therapeutics, Inc.",3046470000
IIPR,INNOVATIVE INDUSTRIAL PROPERTIES INC,3044260000
BOH,BANK OF HAWAII CORP,3042720000
SFNC,SIMMONS FIRST NATIONAL CORP,3040130000
HBI,Hanesbrands Inc.,3034990000
KNSA,"Kiniksa Pharmaceuticals, Ltd.",3029580000
GRBK,"Green Brick Partners, Inc.",3024100000
NARI,"Inari Medical, Inc.",3018540000
TWST,Twist Bioscience Corp,3011750000
OSIS,OSI SYSTEMS INC,3008270000
LBRT,Liberty Energy Inc.,2995410000
TGNA,TEGNA INC,2992840000
EWTX,"Edgewise Therapeutics, Inc.",2989320000
LCII,LCI INDUSTRIES,2988010000
MGRC,MCGRATH RENTCORP,2986650000
ARCH,"ARCH RESOURCES, INC.",2977780000
WULF,TERAWULF INC.,2975350000
BHVN,Biohaven Ltd.,2964320000
AVA,AVISTA CORP,2959060000
SDRL,Seadrill Ltd,2947480000
PRGS,PROGRESS SOFTWARE CORP /MA,2945430000
CPK,CHESAPEAKE UTILITIES CORP,2927680000
IOSP,INNOSPEC INC.,2921660000
CWT,CALIFORNIA WATER SERVICE GROUP,2920730000
DOOR,MASONITE INTERNATIONAL CORP,2920350000
FOLD,"AMICUS THERAPEUTICS, INC.",2916340000
APPN,APPIAN CORP,2914850000
DFH,"Dream Finders Homes, Inc.",2914590000
WAFD,WAFD INC,2914050000
STNE,StoneCo Ltd,2900910000
HTLF,HEARTLAND FINANCIAL USA INC,2887050000
PLMR,"Palomar Holdings, Inc.",2869430000
OII,OCEANEERING INTERNATIONAL INC,2866060000
AMBA,AMBARELLA INC,2861150000
JOE,ST JOE Co,2855050000
MORF,"Morphic Holding, Inc.",2854940000
KYMR,"Kymera Therapeutics, Inc.",2854850000
BRP,CALERES INC,2851710000
UE,Urban Edge Properties,2840820000
FCPT,"Four Corners Property Trust, Inc.",2831400000
GT,GOODYEAR TIRE & RUBBER CO /OH/,2827280000
DYN,"Dyne Therapeutics, Inc.",2822990000
PAR,PAR TECHNOLOGY CORP,2820910000
LAUR,"LAUREATE EDUCATION, INC.",2813290000
AZZ,AZZ INC,2806640000
BTU,PEABODY ENERGY CORP,2801790000
WRBY,Warby Parker Inc.,2799040000
ENR,"ENERGIZER HOLDINGS, INC.",2790450000
VCEL,Vericel Corp,2789740000
HWKN,HAWKINS INC,2784890000
TOWN,Towne Bank-Portsmouth VA,2782129152
ACAD,ACADIA PHARMACEUTICALS INC,2780410000
ARWR,"ARROWHEAD PHARMACEUTICALS, INC.",2774890000
ENVA,"Enova International, Inc.",2774440000
IBTX,"Independent Bank Group, Inc.",2770000000
LFST,"LifeStance Health Group, Inc.",2762660000
FFBC,FIRST FINANCIAL BANCORP /OH/,2761550000
PSMT,PRICESMART INC,2751680000
RPD,"Rapid7, Inc.",2745060000
KWR,QUAKER CHEMICAL CORP,2744660000
LIVN,LivaNova PLC,2742190000
DIOD,DIODES INC /DEL/,2731790000
SGRY,"Surgery Partners, Inc.",2727860000
TBBK,"Bancorp, Inc.",2726380000
CCS,"Century Communities, Inc.",2720370000
LXP,LXP Industrial Trust,2715380000
CDE,"Coeur Mining, Inc.",2714840000
SIX,Six Flags Entertainment Corp,2693310000
PFS,PROVIDENT FINANCIAL SERVICES INC,2690670000
MYRG,MYR GROUP INC.,2685260000
NEOG,NEOGEN CORP,2680560000
BANC,"BANC OF CALIFORNIA, INC.",2680520000
AMRX,"Amneal Pharmaceuticals, Inc.",2673960000
CENT,CENTRAL GARDEN & PET CO,2671650000
CENTA,CENTRAL GARDEN & PET CO,2671650000
PRFT,PERFICIENT INC,2670500000
GRND,Grindr Inc.,2668610000
BKE,BUCKLE INC,2668160000
HNI,HNI CORP,2664600000
PPBI,PACIFIC PREMIER BANCORP INC,2653080000
FLYW,Flywire Corp,2652570000
SEM,SELECT MEDICAL HOLDINGS CORP,2647600000
FBK,FB Financial Corp,2644810000
ABR,ARBOR REALTY TRUST INC,2640520000
NMRK,"NEWMARK GROUP, INC.",2637980000
AMK,"AMKOR TECHNOLOGY, INC.",2637080000
STNG,Scorpio Tankers Inc.,2631490000
PTVE,Pactiv Evergreen Inc.,2626620000
BATRK,"Atlanta Braves Holdings, Inc.",2622250000
BATRA,"Atlanta Braves Holdings, Inc.",2622250000
KROS,"Keros Therapeutics, Inc.",2617180000
TDW,TIDEWATER INC,2610920000
VSTO,Vista Outdoor Inc.,2607620000
SPNT,SiriusPoint Ltd,2597960000
VC,VISTEON CORP,2597830000
KLIC,KULICKE & SOFFA INDUSTRIES INC,2593360000
BLX,"FOREIGN TRADE BANK OF LATIN AMERICA, INC.",2592870000
CPRX,"CATALYST PHARMACEUTICALS, INC.",2588230000
IOVA,"IOVANCE BIOTHERAPEUTICS, INC.",2581490000
CAKE,Cheesecake Factory Inc-The,2573930000
EPAC,ENERPAC TOOL GROUP CORP,2572600000
ENFN,"Enfusion, Inc.",2571420000
VICR,VICOR CORP,2563590000
RVLV,"Revolve Group, Inc.",2559400000
MTX,MINERALS TECHNOLOGIES INC,2557790000
IRTC,"iRhythm Technologies, Inc.",2547970000
SBCF,SEACOAST BANKING CORP OF FLORIDA,2547000000
PRVA,"Privia Health Group, Inc.",2546430000
FRME,FIRST MERCHANTS CORP,2540460000
BANR,BANNER CORP,2533770000
TTMI,TTM TECHNOLOGIES INC,2528840000
YELP,YELP INC,2516870000
AIN,ALBANY INTERNATIONAL CORP /DE/,2516520000
WLY,"JOHN WILEY & SONS, INC.",2516380000
ARCB,ARCBEST CORP /DE/,2511010000
ICFI,"ICF International, Inc.",2492810000
SWI,SolarWinds Corp,2490350000
LGIH,"LGI Homes, Inc.",2485610000
PTGX,"Protagonist Therapeutics, Inc",2484050000
SXI,STANDEX INTERNATIONAL CORP/DE/,2480610000
VSH,VISHAY INTERTECHNOLOGY INC,2480410000
ZD,"ZIFF DAVIS, INC.",2467030000
PGTI,"PGT Innovations, Inc.",2464810000
AIR,AAR CORP,2457880000
MGNI,"MAGNITE, INC.",2457860000
WERN,WERNER ENTERPRISES INC,2436460000
STRA,"Strategic Education, Inc.",2428200000
PAGS,PagSeguro Digital Ltd.,2425920000
SHO,"Sunstone Hotel Investors, Inc.",2424880000
GERN,GERON CORP,2405910000
TFIN,"Triumph Financial, Inc.",2399790000
CIFR,Cipher Mining Inc.,2396380000
IVT,InvenTrust Properties Corp.,2393360000
B,BARNES GROUP INC,2391630000
ACLS,AXCELIS TECHNOLOGIES INC,2389520000
SOVO,"Sovos Brands, Inc.",2370230000
FIHL,Fidelis Insurance Holdings Ltd,2366550000
TGH,Tornado Global Hydrovacs Ltd,2364480000
RNST,RENASANT CORP,2361470000
ALG,ALAMO GROUP INC,2360530000
VGR,VECTOR GROUP LTD,2359060000
CXW,"CoreCivic, Inc.",2356480000
WSBC,WESBANCO INC,2350560000
LBPH,"Longboard Pharmaceuticals, Inc.",2341960000
EXTR,EXTREME NETWORKS INC,2340110000
GCMG,GCM Grosvenor Inc.,2339590000
NBTB,NBT BANCORP INC,2339530000
ALHC,"Alignment Healthcare, Inc.",2338690000
VSEC,VSE CORP,2337140000
LGND,LIGAND PHARMACEUTICALS INC,2333770000
TRMK,TRUSTMARK CORP,2326450000
CPE,Callon Petroleum Co,2319110000
AGM,FEDERAL AGRICULTURAL MORTGAGE CORP,2316830000
AVDX,"AvidXchange Holdings, Inc.",2314420000
HI,"Hillenbrand, Inc.",2314410000
SAH,SONIC AUTOMOTIVE INC,2313640000
SYBT,"Stock Yards Bancorp, Inc.",2311550000
MTRN,MATERION Corp,2311280000
VIAV,VIAVI SOLUTIONS INC.,2304640000
LMAT,LEMAITRE VASCULAR INC,2304160000
VZIO,Vizio Holding Corp.,2298430000
PSFE,Paysafe Ltd,2296210000
PWP,Perella Weinberg Partners,2290490000
APGE,"Apogee Therapeutics, Inc.",2287880000
IDYA,"IDEAYA Biosciences, Inc.",2279210000
DBRG,"DigitalBridge Group, Inc.",2255740000
ROIC,RETAIL OPPORTUNITY INVESTMENTS CORP,2244920000
CNMD,CONMED Corp,2242370000
DCPH,"Deciphera Pharmaceuticals, Inc.",2236260000
WS,"Worthington Steel, Inc.",2232630000
EVTC,"EVERTEC, Inc.",2231580000
EFSC,ENTERPRISE FINANCIAL SERVICES CORP,2227300000
JBLU,JETBLUE AIRWAYS CORP,2226950000
UFPT,UFP TECHNOLOGIES INC,2225570000
TMDX,"TransMedics Group, Inc.",2223450000
CENX,CENTURY ALUMINUM CO,2219430000
UPWK,"UPWORK, INC",2210850000
EVCM,EverCommerce Inc.,2207310000
NEO,NEOGENOMICS INC,2206520000
CXM,"Sprinklr, Inc.",2205500000
WVE,Wave Life Sciences Ltd.,2202390000
NN,NEXTNAV INC.,2195860000
TRUP,"TRUPANION, INC.",2184500000
SKWD,"Skyward Specialty Insurance Group, Inc.",2183840000
EQC,Equity Commonwealth,2182100000
HEES,"H&E Equipment Services, Inc.",2180910000
ADUS,Addus HomeCare Corp,2180870000
HURN,Huron Consulting Group Inc.,2177870000
CALX,"CALIX, INC",2173170000
PCT,"PureCycle Technologies, Inc.",2172120000
KMT,KENNAMETAL INC,2167000000
KAR,"OPENLANE, Inc.",2163600000
ROCK,"GIBRALTAR INDUSTRIES, INC.",2143900000
MBC,"MasterBrand, Inc.",2135370000
OMCL,"OMNICELL, INC.",2132429999
MIRM,"Mirum Pharmaceuticals, Inc.",2131400000
PLUS,EPLUS INC,2122260000
ROVR,Rover Metals Corp,2120820000
GBX,GREENBRIER COMPANIES INC,2106360000
BEAM,Beam Therapeutics Inc.,2096639999
AMPH,"Amphastar Pharmaceuticals, Inc.",2096350000
OSW,ONESPAWORLD HOLDINGS Ltd,2081719999
STC,STEWART INFORMATION SERVICES CORP,2075800000
STGW,Stagwell Inc,2074000000
AKRO,"Akero Therapeutics, Inc.",2073030000
SEMR,"SEMrush Holdings, Inc.",2065560000
OFG,OFG BANCORP,2065409999
LOB,"Live Oak Bancshares, Inc.",2059280000
WOR,"WORTHINGTON ENTERPRISES, INC.",2055139999
EXPI,"EXP World Holdings, Inc.",2051449999
COCO,"Vita Coco Company, Inc.",2044620000
SUPN,Supernus Pharmaceuticals Inc,2042560000
CWH,"Camping World Holdings, Inc.",2038150000
HTH,Hilltop Holdings Inc.,2035250000
AGX,ARGAN INC,2020250000
RAMP,"LiveRamp Holdings, Inc.",2017320000
PDCO,"PATTERSON COMPANIES, INC.",2016250000
CASH,"PATHWARD FINANCIAL, INC.",2014940000
FL,"FOOT LOCKER, INC.",2008020000
VRNT,VERINT SYSTEMS INC,1990620000
CMPR,CIMPRESS plc,1990150000
DRH,DiamondRock Hospitality Co,1986660000
JAMF,Jamf Holding Corp.,1984480000
GOGL,Golden Ocean Group Ltd,1978320000
BBUC,Brookfield Business Corp,1974140000
FBNC,FIRST BANCORP /NC/,1969940000
PRG,"PROG Holdings, Inc.",1968330000
ROG,ROGERS CORP,1959550000
NHC,NATIONAL HEALTHCARE CORP,1931210000
CNXN,PC CONNECTION INC,1925970000
TARS,"Tarsus Pharmaceuticals, Inc.",1923580000
CHCO,CITY HOLDING CO,1917600000
AMEH,Apollo Medical Holdings Inc,1915300000
HRMY,"Harmony Biosciences Holdings, Inc.",1909980000
WMK,WEIS MARKETS INC,1909520000
EVGO,EVgo Inc.,1903800000
VVX,"V2X, Inc.",1901520000
LGFB,LIONS GATE ENTERTAINMENT CORP /CN/,1901400000
LGFA,LIONS GATE ENTERTAINMENT CORP /CN/,1901400000
CHEF,"Chefs' Warehouse, Inc.",1898620000
NABL,"N-able, Inc.",1898420000
FCF,FIRST COMMONWEALTH FINANCIAL CORP /PA/,1896210000
PD,"PagerDuty, Inc.",1892350000
RXRX,"RECURSION PHARMACEUTICALS, INC.",1888960000
LKFN,LAKELAND FINANCIAL CORP,1886690000
UPBD,"UPBOUND GROUP, INC.",1885870000
MQ,"Marqeta, Inc.",1873930000
STR,Sitio Royalties Corp.,1872170000
HPK,"HighPeak Energy, Inc.",1867720000
SAFE,Safehold Inc.,1862630000
EPC,EDGEWELL PERSONAL CARE Co,1862410000
PRM,"Perimeter Solutions, SA",1860020000
LZB,LA-Z-BOY INC,1859590000
MNKD,MANNKIND CORP,1855980000
IRON,"Disc Medicine, Inc.",1854200000
INSW,"International Seaways, Inc.",1847190000
NWBI,"Northwest Bancshares, Inc.",1843470000
TROX,Tronox Holdings plc,1842980000
TALO,TALOS ENERGY INC.,1842800000
CVI,CVR ENERGY INC,1841720000
OI,"O-I Glass, Inc. /DE/",1840300000
WWW,WOLVERINE WORLD WIDE INC /DE/,1839940000
SPT,"Sprout Social, Inc.",1838490000
DSGR,"Distribution Solutions Group, Inc.",1837920000
CLBK,"Columbia Financial, Inc.",1835800000
NEXT,NextDecade Corp.,1827240000
ESRT,"Empire State Realty Trust, Inc.",1822660000
APOG,"APOGEE ENTERPRISES, INC.",1821050000
NWLI,"National Western Life Group, Inc.",1817940000
PAX,Patria Investments Ltd,1817590000
MBIN,Merchants Bancorp,1815920000
NBHC,National Bank Holdings Corp,1814390000
MSGE,Madison Square Garden Entertainment Corp.,1813360000
PRDO,PERDOCEO EDUCATION Corp,1790110000
DAN,DANA INC,1780340000
DNUT,"Krispy Kreme, Inc.",1773100000
CODI,Compass Diversified Holdings,1772530000
NTB,Bank of N.T. Butterfield & Son Ltd,1772360000
XNCR,Xencor Inc,1771950000
CMRE,Costamare Inc.,1768620000
IAS,INTEGRAL AD SCIENCE HOLDING CORP.,1766600000
SJW,SJW GROUP,1765760000
LC,LendingClub Corp,1763590000
GTY,GETTY REALTY CORP /MD/,1762760000
HLIO,"HELIOS TECHNOLOGIES, INC.",1745890000
PEB,Pebblebrook Hotel Trust,1745130000
BHE,BENCHMARK ELECTRONICS INC,1742250000
WTTR,"Select Water Solutions, Inc.",1741920000
VRTS,"VIRTUS INVESTMENT PARTNERS, INC.",1737850000
SONO,Sonos Inc,1730260000
MLKN,"MILLERKNOLL, INC.",1729140000
CLDX,"Celldex Therapeutics, Inc.",1728930000
MLNK,"MeridianLink, Inc.",1727260000
CUBI,"Customers Bancorp, Inc.",1725460000
DFIN,"Donnelley Financial Solutions, Inc.",1724570000
LTC,LTC PROPERTIES INC,1716290000
SOI,Solaris Oilfield Infrastructure Inc,1715980000
CSTM,CONSTELLIUM SE,1715700096
KN,Knowles Corp,1710300000
RXST,"RxSight, Inc.",1704070000
THS,"TreeHouse Foods, Inc.",1700860000
ARVN,"ARVINAS, INC.",1699960000
BV,"BrightView Holdings, Inc.",1699550000
NWN,NORTHWEST NATURAL GAS CO,1697590000
NIC,NICOLET BANKSHARES INC,1695950000
AAT,"American Assets Trust, Inc.",1694890000
HMN,HORACE MANN EDUCATORS CORP /DE/,1694310000
UCTT,"Ultra Clean Holdings, Inc.",1692460000
SASR,SANDY SPRING BANCORP INC,1689430000
DVAX,DYNAVAX TECHNOLOGIES CORP,1686560000
BOWL,Bowlero Corp.,1685100000
NGVT,Ingevity Corp,1672790000
SCL,STEPAN CO,1670910000
KOS,Kosmos Energy Ltd.,1670510000
WKC,WORLD KINECT CORP,1669730000
ATRC,"AtriCure, Inc.",1662970000
WT,"WisdomTree, Inc.",1662663552
ENVX,Enovix Corp,1655190000
STEL,"Stellar Bancorp, Inc.",1654420000
WGO,WINNEBAGO INDUSTRIES INC,1654410000
ADNT,Adient plc,1654050000
GNL,"Global Net Lease, Inc.",1653640000
VBTX,"Veritex Holdings, Inc.",1651950000
HELE,HELEN OF TROY LTD,1651030000
STER,Sterling Check Corp.,1640340000
PZZA,PAPA JOHNS INTERNATIONAL INC,1636320000
CTS,CTS CORP,1635880000
XHR,"Xenia Hotels & Resorts, Inc.",1635180000
FDP,FRESH DEL MONTE PRODUCE INC,1633380000
STBA,S&T BANCORP INC,1628330000
HOPE,HOPE BANCORP INC,1627560000
NAPA,"Duckhorn Portfolio, Inc.",1625090000
BCRX,BIOCRYST PHARMACEUTICALS INC,1623920000
NAVI,NAVIENT CORP,1621190000
VRE,"Veris Residential, Inc.",1621130000
TNC,TENNANT CO,1616270000
RLJ,RLJ Lodging Trust,1615870000
TARO,TARO PHARMACEUTICAL INDUSTRIES LTD,1615020000
NTCT,NETSCOUT SYSTEMS INC,1612920000
TCBK,TRICO BANCSHARES /,1601420000
REVG,"REV Group, Inc.",1601040000
HLX,HELIX ENERGY SOLUTIONS GROUP INC,1595570000
CSGS,CSG SYSTEMS INTERNATIONAL INC,1594860000
MMI,"Marcus & Millichap, Inc.",1587110000
MCRI,MONARCH CASINO & RESORT INC,1584770000
SRCE,1ST SOURCE CORP,1580080000
MXL,"MAXLINEAR, INC",1574190000
DNOW,DNOW Inc.,1572870000
ANDE,"Andersons, Inc.",1571990000
VECO,VEECO INSTRUMENTS INC,1571620000
INFN,Infinera Corp,1570000000
UMH,"UMH PROPERTIES, INC.",1566160000
RCUS,"Arcus Biosciences, Inc.",1565760000
XMTR,"Xometry, Inc.",1562260000
NMRA,"Neumora Therapeutics, Inc.",1560680000
VRDN,"Viridian Therapeutics, Inc.\DE",1554950000
SPNS,SAPIENS INTERNATIONAL CORP N V,1551650000
SVV,"Savers Value Village, Inc.",1544720000
DHT,"DHT Holdings, Inc.",1543990000
XPRO,EXPRO GROUP HOLDINGS N.V.,1540360000
KW,"Kennedy-Wilson Holdings, Inc.",1539010000
OPEN,Opendoor Technologies Inc.,1537400000
PLAB,PHOTRONICS INC,1536960000
BUSE,FIRST BUSEY CORP /NV/,1534000000
PX,"P10, Inc.",1529230000
QCRH,QCR HOLDINGS INC,1528660000
NXT,Nextracker Inc.,1525230000
INMD,InMode Ltd.,1520920000
TILE,INTERFACE INC,1518220000
WABC,WESTAMERICA BANCORPORATION,1517900000
TVTX,"Travere Therapeutics, Inc.",1514950000
ZUO,ZUORA INC,1510460000
VITL,"Vital Farms, Inc.",1509430000
SDGR,"Schrodinger, Inc.",1503080000
LADR,Ladder Capital Corp,1499750000
ARIS,"Aris Water Solutions, Inc.",1497000000
HLIT,HARMONIC INC,1495060000
SCS,STEELCASE INC,1494150000
MYGN,MYRIAD GENETICS INC,1489340000
ALGT,Allegiant Travel CO,1488060000
RBCAA,REPUBLIC BANCORP INC /KY/,1486050000
SABR,Sabre Corp,1485540000
MODG,Topgolf Callaway Brands Corp.,1481620000
MTTR,"Matterport, Inc./DE",1479920000
USPH,U S PHYSICAL THERAPY INC /NV,1473570000
NSSC,"NAPCO SECURITY TECHNOLOGIES, INC",1465900000
PLAY,"Dave & Buster's Entertainment, Inc.",1460830000
ELME,Elme Communities,1459210000
CDRE,"Cadre Holdings, Inc.",1454980000
TGI,TRIUMPH GROUP INC,1454960000
SFL,SFL Corp Ltd.,1451650000
TWKS,"Thoughtworks Holding, Inc.",1451530000
ATSG,"Air Transport Services Group, Inc.",1446720000
EVBG,"EVERBRIDGE, INC.",1446570000
UNFI,UNITED NATURAL FOODS INC,1445210000
DO,"DIAMOND OFFSHORE DRILLING, INC.",1443950000
OCUL,"OCULAR THERAPEUTIX, INC",1443260000
ARQT,Arcutis Biotherapeutics Inc,1440820000
AMPL,"Amplitude, Inc.",1436440000
FOR,Forestar Group Inc.,1435480000
UNIT,Uniti Group Inc.,1435390000
AMRC,"Ameresco, Inc.",1431690000
SNDX,Syndax Pharmaceuticals Inc,1429620000
CMPO,"CompoSecure, Inc.",1427720000
NRIX,"Nurix Therapeutics, Inc.",1420980000
TPC,TUTOR PERINI CORP,1416790000
GDYN,"GRID DYNAMICS HOLDINGS, INC.",1414090000
PBI,PITNEY BOWES INC /DE/,1413630000
ALEX,"Alexander & Baldwin, Inc.",1410530000
DOLE,Dole plc,1408750000
UVV,UNIVERSAL CORP /VA/,1404030000
WINA,WINMARK CORP,1403730000
LNN,LINDSAY CORP,1403530000
DCOM,"Dime Community Bancshares, Inc. /NY/",1402760000
FSLY,"Fastly, Inc.",1393180000
MDXG,"MIMEDX GROUP, INC.",1391580000
LZ,"LEGALZOOM.COM, INC.",1391220000
NTLA,"Intellia Therapeutics, Inc.",1390230000
UTZ,"Utz Brands, Inc.",1388280000
MRTN,MARTEN TRANSPORT LTD,1385430000
BY,"BYLINE BANCORP, INC.",1384370000
IMAX,IMAX CORP,1381340000
NX,Quanex Building Products CORP,1377870000
UTI,UNIVERSAL TECHNICAL INSTITUTE INC,1374450000
ADEA,Adeia Inc.,1373120000
JBGS,JBG SMITH Properties,1372760000
RES,RPC INC,1371520000
AOSL,ALPHA & OMEGA SEMICONDUCTOR Ltd,1371130000
AGTI,"AGILITI, INC. \DE",1363430000
GIII,G III APPAREL GROUP LTD /DE/,1362180000
SPRY,"ARS Pharmaceuticals, Inc.",1360600000
ATEC,"Alphatec Holdings, Inc.",1359550000
DAWN,"Day One Biopharmaceuticals, Inc.",1357390000
TNK,TEEKAY TANKERS LTD.,1357250000
SPHR,Sphere Entertainment Co.,1354770000
NVEE,"NV5 Global, Inc.",1354740000
GABC,"GERMAN AMERICAN BANCORP, INC.",1350950000
IMKTA,INGLES MARKETS INC,1348410000
LILA,Liberty Latin America Ltd.,1347400000
LILAK,Liberty Latin America Ltd.,1347400000
IDT,IDT CORP,1344700000
CTOS,"Custom Truck One Source, Inc.",1344570000
ATEN,A10 Networks Inc,1337240000
ULCC,"Frontier Group Holdings, Inc.",1336460000
WLFC,WILLIS LEASE FINANCE CORP,1335580000
HROW,"HARROW, INC.",1332700000
NVAX,NOVAVAX INC,1329540000
AMWD,AMERICAN WOODMARK CORP,1327770000
UUUU,ENERGY FUELS INC,1327070000
COUR,"Coursera, Inc.",1325810000
CDNA,"CareDx, Inc.",1324760000
EIG,"Employers Holdings, Inc.",1324040000
ACDC,ProFrac Holding Corp.,1321210000
BLBD,Blue Bird Corp,1315890000
SBH,"Sally Beauty Holdings, Inc.",1315280000
KALU,KAISER ALUMINUM CORP,1312940000
EVH,"Evolent Health, Inc.",1311340000
INOD,INNODATA INC,1308780000
AHCO,AdaptHealth Corp.,1307870000
BHLB,BERKSHIRE HILLS BANCORP INC,1306460000
CNNE,"Cannae Holdings, Inc.",1303730000
KAMN,KAMAN Corp,1303490000
ARDX,"ARDELYX, INC.",1302700000
THRM,GENTHERM Inc,1296500000
SAFT,SAFETY INSURANCE GROUP INC,1292840000
LEU,CENTRUS ENERGY CORP,1292040000
FOXF,FOX FACTORY HOLDING CORP,1283850000
NTST,NETSTREIT Corp.,1282500000
DSP,Viant Technology Inc.,1281550000
ARLO,"Arlo Technologies, Inc.",1278350000
PGNY,"Progyny, Inc.",1277300000
EVEX,"Eve Holding, Inc.",1276890000
AUPH,Aurinia Pharmaceuticals Inc.,1271430000
CRAI,"CRA INTERNATIONAL, INC.",1269770000
OPFI,OppFi Inc.,1267350000
MD,"Pediatrix Medical Group, Inc.",1262440000
OXM,OXFORD INDUSTRIES INC,1255470000
DEA,"Easterly Government Properties, Inc.",1253230000
UDMY,"Udemy, Inc.",1251830000
CARS,Cars.com Inc.,1251410000
BELFB,BEL FUSE INC /NJ,1251270000
ARI,"Apollo Commercial Real Estate Finance, Inc.",1250480000
QNST,"QUINSTREET, INC",1248480000
PEBO,PEOPLES BANCORP INC,1244550000
SCSC,"SCANSOURCE, INC.",1244262784
ULH,"UNIVERSAL LOGISTICS HOLDINGS, INC.",1244040000
STAA,STAAR SURGICAL CO,1243720000
XPEL,"XPEL, Inc.",1243590000
AORT,"ARTIVION, INC.",1235800000
SLCA,"U.S. SILICA HOLDINGS, INC.",1234180000
RC,Ready Capital Corp,1233640000
HCI,"HCI Group, Inc.",1228640000
COHU,COHU INC,1222680000
TWO,TWO HARBORS INVESTMENT CORP.,1222030000
PHR,"Phreesia, Inc.",1220750000
AIV,APARTMENT INVESTMENT & MANAGEMENT CO,1220570000
FLNG,Flex LNG Ltd.,1216590000
RCKT,"ROCKET PHARMACEUTICALS, INC.",1214210000
PL,Planet Labs PBC,1200320000
RDFN,Redfin Corp,1198890000
CRCT,"Cricut, Inc.",1196620000
OCFC,OCEANFIRST FINANCIAL CORP,1190330000
FWRG,"First Watch Restaurant Group, Inc.",1188990000
DGII,DIGI INTERNATIONAL INC,1187480000
CIM,CHIMERA INVESTMENT CORP,1185630000
INVA,"Innoviva, Inc.",1184410000
MRC,MRC GLOBAL INC.,1184030000
OLO,Olo Inc.,1180060000
KRO,KRONOS WORLDWIDE INC,1179120000
DXPE,DXP ENTERPRISES INC,1177900000
ANIP,ANI PHARMACEUTICALS INC,1177390000
MODN,"MODEL N, INC.",1176750000
SBGI,"Sinclair, Inc.",1171660000
PDFS,PDF SOLUTIONS INC,1170550000
DK,"Delek US Holdings, Inc.",1170370000
KRUS,"KURA SUSHI USA, INC.",1170290000
PRO,"PROS Holdings, Inc.",1169880000
NXRT,"NexPoint Residential Trust, Inc.",1169070000
BLFS,BIOLIFE SOLUTIONS INC,1168030000
NG,NOVAGOLD RESOURCES INC,1167640000
PMT,PennyMac Mortgage Investment Trust,1166540000
CSR,CENTERSPACE,1163850000
EVRI,Everi Holdings Inc.,1162600000
VTLE,"Vital Energy, Inc.",1160230000
BSIG,BrightSphere Investment Group Inc.,1159470000
FBMS,FIRST BANCSHARES INC /MS/,1154370000
PLSE,"Pulse Biosciences, Inc.",1154050000
COMM,"CommScope Holding Company, Inc.",1152790000
MDRX,Allscripts Healthcare Solutions Inc,1152690000
KFRC,KFORCE INC,1151670000
ECPG,ENCORE CAPITAL GROUP INC,1150690000
CECO,CECO ENVIRONMENTAL CORP,1143810000
PDM,"Piedmont Office Realty Trust, Inc.",1142040000
CMCO,COLUMBUS MCKINNON CORP,1137550000
EMBC,Embecta Corp.,1137300000
CBRL,"CRACKER BARREL OLD COUNTRY STORE, INC",1136550000
OBK,"Origin Bancorp, Inc.",1136410000
ELVN,"Enliven Therapeutics, Inc.",1135980000
TPB,"Turning Point Brands, Inc.",1132790000
VMEO,"Vimeo, Inc.",1131450000
BBSI,BARRETT BUSINESS SERVICES INC,1129300000
LMB,"Limbach Holdings, Inc.",1128210000
ALX,ALEXANDERS INC,1125600000
BRKL,BROOKLINE BANCORP INC,1123530000
SILK,Silk Road Medical Inc,1116980000
MFA,"MFA FINANCIAL, INC.",1115760000
BKD,Brookdale Senior Living Inc.,1115590000
ICHR,"ICHOR HOLDINGS, LTD.",1109490000
ADV,Advantage Solutions Inc.,1106600000
ASPN,ASPEN AEROGELS INC,1106000000
EFC,Ellington Financial Inc.,1102450000
AMAL,Amalgamated Financial Corp.,1100830000
TMP,TOMPKINS FINANCIAL CORP,1100250000
VIR,"Vir Biotechnology, Inc.",1097630000
GRC,GORMAN RUPP CO,1097360000
MSEX,MIDDLESEX WATER CO,1096330000
LVWR,"LiveWire Group, Inc.",1093490000
SSTK,"Shutterstock, Inc.",1093240000
BLMN,"Bloomin' Brands, Inc.",1090230000
XRX,Xerox Holdings Corp,1083300000
YEXT,"Yext, Inc.",1080930000
THR,"Thermon Group Holdings, Inc.",1079610000
SP,SP Plus Corp,1079420000
HOV,HOVNANIAN ENTERPRISES INC,1073440000
OPK,"OPKO HEALTH, INC.",1071500000
OMI,OWENS & MINOR INC/VA/,1069500000
TRS,TRIMAS CORP,1068250000
BFC,Bank First Corp,1066280000
IE,Ivanhoe Electric Inc.,1066040000
HIBB,HIBBETT INC,1063270000
CTBI,COMMUNITY TRUST BANCORP INC /KY/,1062890000
BXC,BlueLinx Holdings Inc.,1061329999
AMTB,Amerant Bancorp Inc.,1060710000
ARR,"Armour Residential REIT, Inc.",1058890000
AVAH,"Aveanna Healthcare Holdings, Inc.",1058869999
AMSF,AMERISAFE INC,1057060000
SBSI,SOUTHSIDE BANCSHARES INC,1055640000
GIC,GLOBAL INDUSTRIAL Co,1055550000
DRQ,Dril-Quip Inc,1051040000
BHRB,Burke & Herbert Financial Services Corp.,1049839999
SXC,"SunCoke Energy, Inc.",1047790000
FBRT,"Franklin BSP Realty Trust, Inc.",1047569999
CCB,COASTAL FINANCIAL CORP,1044410000
PGRE,"Paramount Group, Inc.",1044089999
JBI,"Janus International Group, Inc.",1043950000
CNOB,"ConnectOne Bancorp, Inc.",1041750000
BZH,BEAZER HOMES USA INC,1033349999
DLX,DELUXE CORP,1032869999
VTOL,Bristow Group Inc.,1030319999
PNTG,"Pennant Group, Inc.",1024609999
OEC,Orion S.A.,1019340000
AMN,AMN HEALTHCARE SERVICES INC,1017710000
MGPI,MGP INGREDIENTS INC,1015780000
WEAV,"Weave Communications, Inc.",1015160000
PRLB,Proto Labs Inc,1013980000
JBSS,SANFILIPPO JOHN B & SON INC,1012520000
NGVC,"Natural Grocers by Vitamin Cottage, Inc.",1010440000
FMBH,"FIRST MID BANCSHARES, INC.",1002860000
LPG,DORIAN LPG LTD.,1001620000
DCO,DUCOMMUN INC /DE/,997900000
PFC,PREMIER FINANCIAL CORP,996740000
DX,DYNEX CAPITAL INC,996050000
COGT,"Cogent Biosciences, Inc.",993050000
NRDS,"NERDWALLET, INC.",992890000
ACEL,"Accel Entertainment, Inc.",992240000
HSTM,HEALTHSTREAM INC,986660000
EEX,"Emerald Holding, Inc.",982442560
FWRD,FORWARD AIR CORP,977500000
HY,"HYSTER-YALE MATERIALS HANDLING, INC.",976960000
CBL,CBL & ASSOCIATES PROPERTIES INC,975670000
BFS,"SAUL CENTERS, INC.",975290000
ETWO,"E2open Parent Holdings, Inc.",967240000
HRT,HireRight Holdings Corp,967170000
BDN,BRANDYWINE REALTY TRUST,965200000
COLL,"COLLEGIUM PHARMACEUTICAL, INC",963310000
HTLD,HEARTLAND EXPRESS INC,956880000
TRNS,TRANSCAT INC,950650000
ERII,"Energy Recovery, Inc.",949460000
KIND,"Nextdoor Holdings, Inc.",947710000
UTL,UNITIL CORP,945290000
VVI,VIAD CORP,940940000
RWT,REDWOOD TRUST INC,937770000
SBOW,"SILVERBOW RESOURCES, INC.",936880000
CFFN,Capitol Federal Financial Inc,936680000
HA,HAWAIIAN HOLDINGS INC,936180000
CAL,CALERES INC,935300000
UVSP,UNIVEST FINANCIAL Corp,934890000
NUVB,Nuvation Bio Inc.,932290000
ECVT,Ecovyst Inc.,932080000
MATW,MATTHEWS INTERNATIONAL CORP,931850000
PAHC,PHIBRO ANIMAL HEALTH CORP,928340000
GOGO,Gogo Inc.,928250000
CLB,Core Laboratories NV,926760000
NBN,Northeast Bank,926310000
PETQ,"PetIQ, Inc.",925860000
STKL,SunOpta Inc.,922530000
TTGT,TechTarget Inc,922070000
GDEN,"GOLDEN ENTERTAINMENT, INC.",918320000
HSII,HEIDRICK & STRUGGLES INTERNATIONAL INC,915150000
PARR,"PAR PACIFIC HOLDINGS, INC.",909780000
PSTX,"Poseida Therapeutics, Inc.",909350000
JACK,JACK IN THE BOX INC,907440000
ARRY,"Array Technologies, Inc.",907100000
HCSG,HEALTHCARE SERVICES GROUP INC,905140000
JELD,"JELD-WEN Holding, Inc.",903740000
DAKT,DAKTRONICS INC /SD/,902610000
CSTL,CASTLE BIOSCIENCES INC,900710000
LQDA,Liquidia Corp,899080000
ATLC,Atlanticus Holdings Corp,896120000
ADPT,Adaptive Biotechnologies Corp,895810000
ZYME,Zymeworks Inc.,894550000
AVO,"Mission Produce, Inc.",894180000
TELL,TELLURIAN INC. /DE/,892870000
REPL,"Replimune Group, Inc.",892850000
HFWA,HERITAGE FINANCIAL CORP /WA/,892090000
BMBL,Bumble Inc.,890340000
HCKT,"HACKETT GROUP, INC.",889340000
GES,GUESS INC,889130000
SCVL,SHOE CARNIVAL INC,888340000
RDW,Redwire Corp,884990000
ACMR,"ACM Research, Inc.",883050000
PRA,PROASSURANCE CORP,881420000
TMST,TimkenSteel Corporation,880360000
MCBS,"MetroCity Bankshares, Inc.",877750000
CMTG,"Claros Mortgage Trust, Inc.",876590000
EGBN,EAGLE BANCORP INC,876150000
LBAI,LAKELAND BANCORP INC,875030000
EYE,"National Vision Holdings, Inc.",873330000
BORR,Borr Drilling Ltd,871410000
AHH,"Armada Hoffler Properties, Inc.",870260000
FIGS,"FIGS, Inc.",869430000
PLRX,"PLIANT THERAPEUTICS, INC.",868990000
AVNS,"AVANOS MEDICAL, INC.",868130000
FIP,FTAI Infrastructure Inc.,866660000
ASTE,ASTEC INDUSTRIES INC,866240000
BASE,"Couchbase, Inc.",862170000
PCRX,"Pacira BioSciences, Inc.",862050000
CPF,CENTRAL PACIFIC FINANCIAL CORP,860110000
MBUU,"MALIBU BOATS, INC.",858990000
CFB,"CROSSFIRST BANKSHARES, INC.",857830000
EGLE,Eagle Bulk Shipping Inc.,856430000
FNA,"Paragon 28, Inc.",854780000
GLDD,Great Lakes Dredge & Dock CORP,853680000
PUMP,ProPetro Holding Corp.,848140000
ASIX,AdvanSix Inc.,846570000
PLYM,"Plymouth Industrial REIT, Inc.",846510000
CTKB,"Cytek Biosciences, Inc.",842420000
OSBC,OLD SECOND BANCORP INC,841000000
ETNB,"89bio, Inc.",837340000
WNC,WABASH NATIONAL Corp,835970000
BFST,"Business First Bancshares, Inc.",835430000
BJRI,BJs RESTAURANTS INC,833940000
FCBC,FIRST COMMUNITY BANKSHARES INC /VA/,833520000
KURA,"Kura Oncology, Inc.",832850000
GRNT,"Granite Ridge Resources, Inc.",831760000
MLR,MILLER INDUSTRIES INC /TN/,831750000
TIPT,TIPTREE INC.,821530000
HLF,HERBALIFE LTD.,821450000
SNPO,Snap One Holdings Corp.,820870000
ERAS,"Erasca, Inc.",819910000
ZIP,"ZIPRECRUITER, INC.",813860000
BRSP,"BrightSpire Capital, Inc.",811830000
MBWM,MERCANTILE BANK CORP,810970000
ARKO,ARKO Corp.,810400000
ATRI,ATRION CORP,809440000
SITC,SITE Centers Corp.,806380000
EOLS,"Evolus, Inc.",803550000
MNRO,"MONRO, INC.",802940000
INDI,"indie Semiconductor, Inc.",801610000
DJCO,DAILY JOURNAL CORP,799600000
UFCS,UNITED FIRE GROUP INC,799290000
PRAA,PRA GROUP INC,797600000
IBCP,INDEPENDENT BANK CORP /MI/,795860000
CRSR,"Corsair Gaming, Inc.",794680000
HBNC,HORIZON BANCORP INC /IN/,791250000
KREF,KKR Real Estate Finance Trust Inc.,786870000
AXL,AMERICAN AXLE & MANUFACTURING HOLDINGS INC,784270000
CDMO,"Avid Bioservices, Inc.",784040000
ODP,ODP Corp,783370000
RYI,Ryerson Holding Corp,782800000
TH,Target Hospitality Corp.,781640000
VTS,"Vitesse Energy, Inc.",781280000
IIIV,"i3 Verticals, Inc.",780820000
HAYN,HAYNES INTERNATIONAL INC,779760000
PTLO,Portillo's Inc.,775620000
LQDT,LIQUIDITY SERVICES INC,774610000
SHLS,"Shoals Technologies Group, Inc.",773480000
ETD,ETHAN ALLEN INTERIORS INC,772310000
SNCY,"Sun Country Airlines Holdings, Inc.",771860000
HAFC,HANMI FINANCIAL CORP,769400000
PUBM,"PubMatic, Inc.",769040000
PPTA,PERPETUA RESOURCES CORP.,768020000
TYRA,"Tyra Biosciences, Inc.",767650000
GCI,"Gannett Co., Inc.",766540000
XPOF,"Xponential Fitness, Inc.",766085568
ORRF,ORRSTOWN FINANCIAL SERVICES INC,764780000
TRDA,"Entrada Therapeutics, Inc.",760370000
HONE,HarborOne Bancorp Inc,760270000
CCO,"Clear Channel Outdoor Holdings, Inc.",758070000
KRNY,Kearny Financial Corp-MD,756920000
GSBC,"GREAT SOUTHERN BANCORP, INC.",756290000
CVLG,"COVENANT LOGISTICS GROUP, INC.",756120000
PRTH,"Priority Technology Holdings, Inc.",755450000
GOOD,GLADSTONE COMMERCIAL CORP,755410000
HBT,"HBT Financial, Inc.",754270000
MAX,"MediaAlpha, Inc.",753970000
ANNX,"Annexon, Inc.",749730000
PRTA,PROTHENA CORP PUBLIC LTD CO,749560000
DMRC,Digimarc CORP,748880000
NBR,NABORS INDUSTRIES LTD,748470000
HIPO,Hippo Holdings Inc.,745890000
SCHL,SCHOLASTIC CORP,744230000
SWIM,"Latham Group, Inc.",742310000
HAIN,HAIN CELESTIAL GROUP INC,742300000
SHEN,SHENANDOAH TELECOMMUNICATIONS CO/VA/,739310000
SMBC,"SOUTHERN MISSOURI BANCORP, INC.",738770000
WSR,Whitestone REIT,737410000
EQBK,EQUITY BANCSHARES INC,735730000
SMP,"STANDARD MOTOR PRODUCTS, INC.",734410000
MCB,Metropolitan Bank Holding Corp.,734000000
KOP,Koppers Holdings Inc.,733740000
INN,"Summit Hotel Properties, Inc.",732900000
LIND,"LINDBLAD EXPEDITIONS HOLDINGS, INC.",730900000
NTGR,"NETGEAR, INC.",729600000
CGEM,"Cullinan Oncology, Inc.",724350000
BALY,Bally's Corp,723870000
ANAB,"ANAPTYSBIO, INC",719940000
REX,REX AMERICAN RESOURCES Corp,719730000
TRTX,"TPG RE Finance Trust, Inc.",719450000
USNA,USANA HEALTH SCIENCES INC,718550000
BBAI,"BigBear.ai Holdings, Inc.",716680000
RLAY,"Relay Therapeutics, Inc.",716400000
MCS,MARCUS CORP,713700000
HZO,MARINEMAX INC,712180000
OFIX,Orthofix Medical Inc.,709260000
CEVA,CEVA INC,707860000
FSBC,FIVE STAR BANCORP,705870000
RPAY,Repay Holdings Corp,705830000
EVLV,"Evolv Technologies Holdings, Inc.",705820000
BFLY,"Butterfly Network, Inc.",705240000
NVTS,Navitas Semiconductor Corp,704220000
BH,Biglari Holdings Inc.,703340000
VHI,VALHI INC /DE/,702280000
OSPN,OneSpan Inc.,702070000
WEST,Westrock Coffee Co,701700000
MOFG,"MidWestOne Financial Group, Inc.",698250000
AMRK,"A-Mark Precious Metals, Inc.",698070000
WRLD,WORLD ACCEPTANCE CORP,696040000
RMR,RMR GROUP INC.,694230000
IRMD,IRADIMED CORP,690450000
ACIC,AMERICAN COASTAL INSURANCE Corp,689330000
ABUS,Arbutus Biopharma Corp,687850000
TRST,TRUSTCO BANK CORP N Y,687800000
PRMW,Primo Water Corp,686980000
REPX,"Riley Exploration Permian, Inc.",686810000
VEL,"Velocity Financial, Inc.",682500000
CAC,CAMDEN NATIONAL CORP,682210000
LPRO,Open Lending Corp,681490000
NR,NEWPARK RESOURCES INC,679000000
SEAT,Vivid Seats Inc.,677250000
ORIC,"Oric Pharmaceuticals, Inc.",674620000
METCB,"Ramaco Resources, Inc.",673950000
GNK,GENCO SHIPPING & TRADING LTD,673010000
GPRE,Green Plains Inc.,671730000
CCBG,CAPITAL CITY BANK GROUP INC,670150000
EOSE,"Eos Energy Enterprises, Inc.",668990000
MATV,"Mativ Holdings, Inc.",668870000
MLAB,MESA LABORATORIES INC /CO/,668070000
OSG,OVERSEAS SHIPHOLDING GROUP INC,667610000
CTLP,"CANTALOUPE, INC.",666360000
STOK,"Stoke Therapeutics, Inc.",665790000
ADTN,"ADTRAN Holdings, Inc.",665690000
PLPC,PREFORMED LINE PRODUCTS CO,662250000
ESQ,"Esquire Financial Holdings, Inc.",661290000
IMXI,"International Money Express, Inc.",659600000
VREX,Varex Imaging Corp,658420000
INNV,InnovAge Holding Corp.,651540000
ALT,"Altimmune, Inc.",650080000
CNDT,CONDUENT Inc,649150000
EVER,"EverQuote, Inc.",647990000
SPTN,SpartanNash Co,646070000
CHUY,"CHUY'S HOLDINGS, INC.",645790000
AXGN,"Axogen, Inc.",645600000
HTBK,HERITAGE COMMERCE CORP,644910000
RGR,STURM RUGER & CO INC,644700000
AVXL,ANAVEX LIFE SCIENCES CORP.,644450000
HTBI,"HomeTrust Bancshares, Inc.",644400000
OMER,OMEROS CORP,643240000
FNKO,"Funko, Inc.",642830000
PACK,Ranpak Holdings Corp.,642750000
BRCC,BRC Inc.,640360000
PGC,PEAPACK GLADSTONE FINANCIAL CORP,639930000
FFWM,First Foundation Inc.,639000000
ATEX,Anterix Inc.,637860000
SPFI,"SOUTH PLAINS FINANCIAL, INC.",636740000
LXU,"LSB INDUSTRIES, INC.",636000000
UVE,"UNIVERSAL INSURANCE HOLDINGS, INC.",632510000
OLP,ONE LIBERTY PROPERTIES INC,631130000
BBW,BUILD-A-BEAR WORKSHOP INC,628440000
CLMB,"Climb Global Solutions, Inc.",625920000
KRT,Karat Packaging Inc.,624150000
WASH,WASHINGTON TRUST BANCORP INC,621500000
ALTI,"AlTi Global, Inc.",620830000
DHC,DIVERSIFIED HEALTHCARE TRUST,620080000
UIS,UNISYS CORP,618720000
SVRA,Savara Inc,617830000
CTO,"CTO Realty Growth, Inc.",614810000
AMPS,"Altus Power, Inc.",614240000
HIFS,Hingham Institution for Savings,613304320
WLDN,"Willdan Group, Inc.",612740000
ORC,"Orchid Island Capital, Inc.",612420000
LEGH,Legacy Housing Corp,611690000
CLNE,Clean Energy Fuels Corp.,610040000
AMBC,AMBAC FINANCIAL GROUP INC,608220000
MLYS,"Mineralys Therapeutics, Inc.",608170000
NPK,NATIONAL PRESTO INDUSTRIES INC,607790000
RSVR,"Reservoir Media, Inc.",606570000
FRPH,"FRP HOLDINGS, INC.",606500000
CSV,CARRIAGE SERVICES INC,606030000
SMBK,SMARTFINANCIAL INC.,603930000
NVRI,ENVIRI Corp,603420000
FLGT,"Fulgent Genetics, Inc.",602560000
LYTS,LSI INDUSTRIES INC,602140000
SLP,"Simulations Plus, Inc.",600410000
SWBI,"SMITH & WESSON BRANDS, INC.",599760000
EU,enCore Energy Corp.,597780000
FPI,Farmland Partners Inc.,594930000
CCRN,CROSS COUNTRY HEALTHCARE INC,594800000
FUBO,fuboTV Inc. /FL,594680000
CASS,CASS INFORMATION SYSTEMS INC,593250000
FMNB,FARMERS NATIONAL BANC CORP /OH/,591630000
BIGC,"BigCommerce Holdings, Inc.",590200000
OLMA,"Olema Pharmaceuticals, Inc.",589020000
RBBN,Ribbon Communications Inc.,588280000
RXT,"Rackspace Technology, Inc.",587130000
THFF,FIRST FINANCIAL CORP /IN/,586520000
TAST,"CARROLS RESTAURANT GROUP, INC.",585950000
RNAC,"Cartesian Therapeutics, Inc.",584800000
PLOW,"DOUGLAS DYNAMICS, INC",584740000
DNMR,"Danimer Scientific, Inc.",584650000
TK,TEEKAY CORP,582440000
CCNE,CNB FINANCIAL CORP/PA,582370000
PHAT,"Phathom Pharmaceuticals, Inc.",581210000
GMRE,Global Medical REIT Inc.,580520000
CATC,CAMBRIDGE BANCORP,578800000
ATRO,ASTRONICS CORP,578660000
MSBI,"Midland States Bancorp, Inc.",576770000
IIIN,INSTEEL INDUSTRIES INC,575400000
LOVE,Lovesac Co,575050000
SFIX,"Stitch Fix, Inc.",574580000
CMP,COMPASS MINERALS INTERNATIONAL INC,572830000
SRDX,SURMODICS INC,572040000
NWPX,NORTHWEST PIPE CO,571320000
CRMD,CorMedix Inc.,570600000
SHBI,SHORE BANCSHARES INC,569550000
MEG,"Montrose Environmental Group, Inc.",569390000
THRY,"Thryv Holdings, Inc.",567870000
DGICA,DONEGAL GROUP INC,566060000
NAT,NORDIC AMERICAN TANKERS Ltd,565840000
HUMA,"Humacyte, Inc.",565110000
HYLN,Hyliion Holdings Corp.,564640000
NFBK,"Northfield Bancorp, Inc.",564620000
RYAM,RAYONIER ADVANCED MATERIALS INC.,564240000
ATXS,"Astria Therapeutics, Inc.",563750000
IGMS,"IGM Biosciences, Inc.",562530000
CRDA,Croda International PLC,562150000
SIBN,"SI-BONE, Inc.",561970000
NYMT,NEW YORK MORTGAGE TRUST INC,559780000
KIDS,ORTHOPEDIATRICS CORP,559390000
ACCO,ACCO BRANDS Corp,559140000
MNTK,"Montauk Renewables, Inc.",559130000
UHT,UNIVERSAL HEALTH REALTY INCOME TRUST,558000000
PROK,PROKIDNEY CORP.,557070000
EYPT,"EyePoint Pharmaceuticals, Inc.",556930000
XERS,"Xeris Biopharma Holdings, Inc.",556070000
CNSL,"Consolidated Communications Holdings, Inc.",555610000
NOVA,Sunnova Energy International Inc.,554790000
EBF,"ENNIS, INC.",554660000
ALRS,ALERUS FINANCIAL CORP,554150000
RDUS,"RADIUS RECYCLING, INC.",550690000
KODK,EASTMAN KODAK CO,549940000
GDOT,GREEN DOT CORP,547550000
TERN,"Terns Pharmaceuticals, Inc.",547010000
BHB,BAR HARBOR BANKSHARES,544910000
BAND,Bandwidth Inc.,544150000
PFIS,PEOPLES FINANCIAL SERVICES CORP.,543210000
PACB,"PACIFIC BIOSCIENCES OF CALIFORNIA, INC.",542250000
GLUE,"Monte Rosa Therapeutics, Inc.",541920000
AROW,ARROW FINANCIAL CORP,539330000
IRWD,IRONWOOD PHARMACEUTICALS INC,534490000
HNRG,HALLADOR ENERGY CO,531860000
SHCR,"Sharecare, Inc.",530429999
DH,Definitive Healthcare Corp.,527940000
NREF,"NexPoint Real Estate Finance, Inc.",525270000
APLD,Applied Digital Corp.,524190000
BGS,"B&G Foods, Inc.",524059999
EAF,GRAFTECH INTERNATIONAL LTD,522049999
GLRE,"GREENLIGHT CAPITAL RE, LTD.",521789999
MPB,MID PENN BANCORP INC,521710000
CHCT,Community Healthcare Trust Inc,521070000
HOUS,Anywhere Real Estate Inc.,518480000
VERV,"Verve Therapeutics, Inc.",517299999
LASR,"NLIGHT, INC.",516260000
URGN,UroGen Pharma Ltd.,515250000
SANA,"Sana Biotechnology, Inc.",512400000
RDVT,"Red Violet, Inc.",512360000
TREE,"LendingTree, Inc.",512030000
ITIC,INVESTORS TITLE CO,511930000
GCBC,GREENE COUNTY BANCORP INC,511490000
MCBC,MACATAWA BANK CORP,509240000
IVR,Invesco Mortgage Capital Inc.,508310000
AMNB,AMERICAN NATIONAL BANKSHARES INC.,507620000
LINC,LINCOLN EDUCATIONAL SERVICES CORP,506810000
DIN,"Dine Brands Global, Inc.",506640000
TTI,TETRA TECHNOLOGIES INC,506150000
KELYA,KELLY SERVICES INC,505660000
FLWS,1 800 FLOWERS COM INC,505060000
HPP,"Hudson Pacific Properties, Inc.",502790000
FFIC,FLUSHING FINANCIAL CORP,502020000
HCAT,"Health Catalyst, Inc.",501990000
SENEA,Seneca Foods Corp,501380000
ODC,Oil-Dri Corp of America,501110000
FARO,FARO TECHNOLOGIES INC,500170000
YORW,YORK WATER CO,500080000
EGY,VAALCO ENERGY INC /DE/,500040000
MEI,METHODE ELECTRONICS INC,499910000
GAMB,Gambling.com Group Ltd,498040000
BKKT,"Bakkt Holdings, Inc.",497400000
SLQT,"SelectQuote, Inc.",497360000
THRD,"Third Harmonic Bio, Inc.",496990000
EBS,Emergent BioSolutions Inc.,495790000
BWMN,Bowman Consulting Group Ltd.,495570000
CBNK,Capital Bancorp Inc,493250000
TBPH,"Theravance Biopharma, Inc.",483880000
ARCT,Arcturus Therapeutics Holdings Inc.,483510000
TMCI,"TREACE MEDICAL CONCEPTS, INC.",482800000
OFLX,"Omega Flex, Inc.",480890000
TCBX,"Third Coast Bancshares, Inc.",480140000
ZVRA,"ZEVRA THERAPEUTICS, INC.",480120000
CCSI,"Consensus Cloud Solutions, Inc.",479500000
LMNR,Limoneira CO,478920000
FC,FRANKLIN COVEY CO,476480000
SIGA,SIGA TECHNOLOGIES INC,476270000
VALU,VALUE LINE INC,476080000
ORGO,Organogenesis Holdings Inc.,475950000
PKST,Peakstone Realty Trust,474060000
NRIM,NORTHRIM BANCORP INC,473330000
KE,"Kimball Electronics, Inc.",473130000
AGS,"PlayAGS, Inc.",473110000
CLDT,Chatham Lodging Trust,471510000
ASC,Ardmore Shipping Corp,470870000
MGTX,MeiraGTx Holdings plc,470480000
CELC,Celcuity Inc.,468570000
ZEUS,Olympic Steel Inc,468460000
OABI,"OmniAb, Inc.",468320000
CYH,COMMUNITY HEALTH SYSTEMS INC,468250000
CVGW,CALAVO GROWERS INC,468000000
LBC,Libero Copper & Gold Corp,466810000
BOC,BOSTON OMAHA Corp,466220000
RICK,"RCI HOSPITALITY HOLDINGS, INC.",461610000
VLGEA,VILLAGE SUPER MARKET INC,461570000
YMAB,"Y-mAbs Therapeutics, Inc.",461330000
MOV,MOVADO GROUP INC,460570000
RIGL,RIGEL PHARMACEUTICALS INC,458520000
QUAD,"Quad/Graphics, Inc.",458130000
SVC,Service Properties Trust,456620000
SHYF,"SHYFT GROUP, INC.",454640000
MLP,MAUI LAND & PINEAPPLE CO INC,453690000
EBTC,ENTERPRISE BANCORP INC /MA/,453040000
UNTY,UNITY BANCORP INC /NJ/,451770000
NRC,NATIONAL RESEARCH CORP,451440000
DHIL,DIAMOND HILL INVESTMENT GROUP INC,450350000
ALLO,"Allogene Therapeutics, Inc.",448700000
FMAO,FARMERS & MERCHANTS BANCORP INC,447970000
QTRX,Quanterix Corp,447880000
CLW,Clearwater Paper Corp,447660000
KALV,"KalVista Pharmaceuticals, Inc.",447480000
SB,"SAFE BULKERS, INC.",446250000
TWI,TITAN INTERNATIONAL INC,445760000
MYE,MYERS INDUSTRIES INC,445630000
BSRR,SIERRA BANCORP,445630000
ACTG,ACACIA RESEARCH CORP,444000000
BSVN,Bank7 Corp.,442400000
TCMD,TACTILE SYSTEMS TECHNOLOGY INC,441790000
ALNT,ALLIENT INC,440340000
CARE,"Carter Bankshares, Inc.",440210000
PKOH,PARK OHIO HOLDINGS CORP,439650000
RGNX,REGENXBIO Inc.,433020000
LE,"LANDS' END, INC.",433010000
OOMA,OOMA INC,429870000
WOW,"WideOpenWest, Inc.",428110000
LAND,GLADSTONE LAND Corp,426980000
CSTR,"CapStar Financial Holdings, Inc.",425570000
SMLR,"Semler Scientific, Inc.",425440000
TRC,TEJON RANCH CO,423530000
RBB,RBB Bancorp,422700000
CLFD,"Clearfield, Inc.",422370000
SLRN,"ACELYRIN, Inc.",422370000
GNTY,GUARANTY BANCSHARES INC /TX/,421090000
GCO,GENESCO INC,419810000
DCGO,DocGo Inc.,419430000
WSBF,Waterstone Financial Inc,418800000
BWB,Bridgewater Bancshares Inc,418240000
SD,SANDRIDGE ENERGY INC,416050000
FBIZ,First Business Financial Services Inc,415500000
SNBR,Sleep Number Corp,415430000
RRBI,RED RIVER BANCSHARES INC,414960000
GTN,GRAY TELEVISION INC,414620000
AURA,"Aura Biosciences, Inc.",413600000
FISI,FINANCIAL INSTITUTIONS INC,413320000
RVNC,"Revance Therapeutics, Inc.",413320000
JILL,J. Jill Inc,411500000
SGMO,"SANGAMO THERAPEUTICS, INC",411030000
LESL,"Leslie's, Inc.",410630000
MITK,MITEK SYSTEMS INC,409370000
AIRS,"Airsculpt Technologies, Inc.",409230000
NL,NL INDUSTRIES INC,406900000
LSEA,Landsea Homes Corp,406370000
NECB,"NorthEast Community Bancorp, Inc./MD/",404910000
CWCO,Consolidated Water Co. Ltd.,404740000
AMCX,AMC Networks Inc.,403710000
COOK,"Traeger, Inc.",403560000
BMRC,Bank of Marin Bancorp,403040000
CIX,COMPX INTERNATIONAL INC,402200000
EHAB,"Enhabit, Inc.",401770000
HBCP,"HOME BANCORP, INC.",401220000
GNE,Genie Energy Ltd.,401200000
EGHT,8X8 INC /DE/,399820000
WTBA,WEST BANCORPORATION INC,397590000
ZIMV,ZimVie Inc.,397150000
ACNB,ACNB CORP,395460000
USCB,"USCB FINANCIAL HOLDINGS, INC.",394430000
XPER,Xperi Inc.,393340000
SKYT,"SkyWater Technology, Inc",393160000
WALD,Waldencast plc,391870000
PRME,"Prime Medicine, Inc.",389550000
KOD,Kodiak Sciences Inc.,386780000
ZUMZ,Zumiez Inc,386520000
PTSI,PAM Transportation Services Inc,385330000
LRMR,"Larimar Therapeutics, Inc.",384120000
LXFR,LUXFER HOLDINGS PLC,383560000
HVT,HAVERTY FURNITURE COMPANIES INC,383130000
NUS,"NU SKIN ENTERPRISES, INC.",382280000
MVST,"Microvast Holdings, Inc.",382100000
CURV,Torrid Holdings Inc.,381040000
ACRE,Ares Commercial Real Estate Corp,380700000
DSKE,"Daseke, Inc.",379870000
FDMT,"4D Molecular Therapeutics, Inc.",379100000
BBCP,"Concrete Pumping Holdings, Inc.",379020000
MXCT,"MAXCYTE, INC.",377630000
RNGR,"Ranger Energy Services, Inc.",377500000
DOMO,"DOMO, INC.",376260000
TRUE,"TrueCar, Inc.",373920000
TNGX,"Tango Therapeutics, Inc.",372740000
PNRG,PRIMEENERGY RESOURCES CORP,371150000
BARK,"Bark, Inc.",368780000
BTBT,"Bit Digital, Inc",368450000
EWCZ,"European Wax Center, Inc.",367850000
SSBK,"Southern States Bancshares, Inc.",367820000
NEWT,"NewtekOne, Inc.",367220000
NVEC,NVE CORP /NEW/,366660000
GEVO,"Gevo, Inc.",366290000
DDD,3D SYSTEMS CORP,366170000
LOCO,"El Pollo Loco Holdings, Inc.",365260000
FHTX,Foghorn Therapeutics Inc.,363020000
FSBW,"FS Bancorp, Inc.",362640000
AMSWA,American Software Inc-GA,362510000
HEAR,Turtle Beach Corp,361430000
CIVB,"CIVISTA BANCSHARES, INC.",361000000
NNOX,Nano-X Imaging Ltd.,360540000
IHRT,"iHeartMedia, Inc.",360330000
MTW,MANITOWOC CO INC,360050000
CYRX,"Cryoport, Inc.",359360000
NATH,"NATHANS FAMOUS, INC.",356710000
MBI,MBIA INC,356700000
SFST,SOUTHERN FIRST BANCSHARES INC,355930000
LAW,"CS Disco, Inc.",355860000
NODK,"NI Holdings, Inc.",355700000
XOMA,XOMA Corp,355010000
BRT,BRT Apartments Corp.,354680000
DSGN,"Design Therapeutics, Inc.",349920000
EB,"Eventbrite, Inc.",349740000
BTMD,biote Corp.,348840000
CLPT,"ClearPoint Neuro, Inc.",348120000
MEC,"Mayville Engineering Company, Inc.",347240000
TITN,Titan Machinery Inc.,346890000
SMRT,"SmartRent, Inc.",346620000
ARTNA,ARTESIAN RESOURCES CORP,344980000
MCFT,"MasterCraft Boat Holdings, Inc.",343980000
BLDE,"Blade Air Mobility, Inc.",343800000
SAGE,"Sage Therapeutics, Inc.",342570000
JOUT,JOHNSON OUTDOORS INC,341690000
IPI,"Intrepid Potash, Inc.",340930000
VYGR,"Voyager Therapeutics, Inc.",340860000
AMLX,"Amylyx Pharmaceuticals, Inc.",340680000
RLGT,"RADIANT LOGISTICS, INC",340610000
OIS,"OIL STATES INTERNATIONAL, INC",340170000
CZFS,CITIZENS FINANCIAL SERVICES INC,339460000
CRMT,AMERICAS CARMART INC,339030000
KLTR,"Kaltura, Inc.",338310000
COFS,CHOICEONE FINANCIAL SERVICES INC,337790000
OBT,"Orange County Bancorp, Inc. /DE/",334040000
ISPR,Ispire Technology Inc.,333647872
VMD,"VIEMED HEALTHCARE, INC.",333300000
SPOK,"Spok Holdings, Inc",332260000
IBEX,IBEX Ltd,331610000
RM,Regional Management Corp.,331520000
MPX,MARINE PRODUCTS CORP,331510000
PCYO,PURE CYCLE CORP,331490000
AEHR,AEHR TEST SYSTEMS,331270000
PSTL,"Postal Realty Trust, Inc.",326710000
ASLE,AerSale Corp,326710000
CDXS,"CODEXIS, INC.",325840000
CVRX,"CVRx, Inc.",325130000
ONEW,OneWater Marine Inc.,324830000
WEYS,WEYCO GROUP INC,324730000
HLLY,Holley Inc.,324650000
JMSB,"John Marshall Bancorp, Inc.",324450000
CERS,CERUS CORP,323140000
DENN,DENNY'S Corp,322350000
FORR,"FORRESTER RESEARCH, INC.",321030000
FLIC,FIRST OF LONG ISLAND CORP,321020000
LWLG,"Lightwave Logic, Inc.",320620000
BCML,BayCom Corp,319630000
SNFCA,Security National Financial Corp,319470000
DBI,Designer Brands Inc.,319120000
BRY,Berry Corp (bry),318530000
REFI,"Chicago Atlantic Real Estate Finance, Inc.",318270000
FNLC,"First Bancorp, Inc /ME/",318160000
CRNC,Cerence Inc.,317780000
TGAN,"Transphorm, Inc.",317140000
JAKK,JAKKS PACIFIC INC,317070000
CZNC,CITIZENS & NORTHERN CORP,316760000
BKSY,BlackSky Technology Inc.,316100000
GENC,GENCOR INDUSTRIES INC,316020000
OB,Outbrain Inc.,314280000
PDLB,"Ponce Financial Group, Inc.",312160000
EXFY,"Expensify, Inc.",310480000
AAN,"Aaron's Company, Inc.",309890000
PCB,PCB BANCORP,309450000
VPG,"Vishay Precision Group, Inc.",308990000
SMTI,Sanara MedTech Inc.,308830000
CBAN,COLONY BANKCORP INC,308300000
CDZI,CADIZ INC,308250000
ITI,"ITERIS, INC.",307900000
PBFS,"Pioneer Bancorp, Inc./MD",307530000
FRST,Primis Financial Corp.,306810000
GWRS,"Global Water Resources, Inc.",305190000
PBPB,POTBELLY CORP,304760000
FDBC,FIDELITY D & D BANCORP INC,304760000
NATR,NATURES SUNSHINE PRODUCTS INC,299120000
PKE,PARK AEROSPACE CORP,298030000
UHG,"United Homes Group, Inc.",295300000
ALDX,"Aldeyra Therapeutics, Inc.",294770000
TTSH,"TILE SHOP HOLDINGS, INC.",294300000
PLBC,PLUMAS BANCORP,293860000
BYND,"BEYOND MEAT, INC.",292760000
FRBA,First Bank-Hamilton NJ,291990000
ITOS,"iTeos Therapeutics, Inc.",291910000
ATNI,"ATN International, Inc.",290650000
REI,"RING ENERGY, INC.",289370000
IMMR,IMMERSION CORP,289320000
ANGO,ANGIODYNAMICS INC,288500000
MRSN,"Mersana Therapeutics, Inc.",286600000
OSUR,ORASURE TECHNOLOGIES INC,286440000
ACCD,"Accolade, Inc.",285100000
RGP,"RESOURCES CONNECTION, INC.",284510000
MG,"Mistras Group, Inc.",283740000
MVBF,MVB FINANCIAL CORP,282620000
NRDY,Nerdy Inc.,279590000
ARL,AMERICAN REALTY INVESTORS INC,279430000
VNDA,Vanda Pharmaceuticals Inc.,278710000
BYON,"BEYOND, INC.",277660000
PKBK,"PARKE BANCORP, INC.",273940000
ONTF,ON24 INC.,273650000
ACRS,"Aclaris Therapeutics, Inc.",272150000
AFRI,Forafric Global PLC,271480000
FATE,FATE THERAPEUTICS INC,271070000
CPSI,Computer Programs & Systems Inc,269990000
EVI,"EVI INDUSTRIES, INC.",267702032
HDSN,HUDSON TECHNOLOGIES INC /NY,267120000
WTI,W&T OFFSHORE INC,266720000
OVLY,Oak Valley Bancorp,263380000
TSBK,TIMBERLAND BANCORP INC,263360000
TG,TREDEGAR CORP,263200000
TNYA,"Tenaya Therapeutics, Inc.",263010000
IRBT,IROBOT CORP,262500000
ALTG,ALTA EQUIPMENT GROUP INC.,262060000
PANL,Pangaea Logistics Solutions Ltd.,261709999
NRGV,"Energy Vault Holdings, Inc.",261649999
HRTX,"HERON THERAPEUTICS, INC. /DE/",261600000
INSE,"Inspired Entertainment, Inc.",261260000
CHMG,CHEMUNG FINANCIAL CORP,260010000
OCN,Ocwen Financial Corp,259970000
BWFG,"Bankwell Financial Group, Inc.",259490000
TCI,TRANSCONTINENTAL REALTY INVESTORS INC,257800000
ANIK,"Anika Therapeutics, Inc.",256880000
LYEL,"Lyell Immunopharma, Inc.",256880000
CHGG,"CHEGG, INC",255550000
AMPY,Amplify Energy Corp.,255320000
PINE,"Alpine Income Property Trust, Inc.",254490000
SBT,"Sterling Bancorp, Inc.",253720000
PWOD,PENNS WOODS BANCORP INC,253650000
MODV,ModivCare Inc,253540000
ZYXI,ZYNEX INC,252850000
FVCB,"FVCBankcorp, Inc.",251400000
CPS,Cooper-Standard Holdings Inc.,251230000
LAZR,"Luminar Technologies, Inc./DE",250720000
ASUR,ASURE SOFTWARE INC,250400000
MBCN,MIDDLEFIELD BANC CORP,250200000
MYPS,"PLAYSTUDIOS, Inc.",249370000
SAMG,Silvercrest Asset Management Group Inc.,249010000
CFFI,C & F FINANCIAL CORP,249000000
BLFY,Blue Foundry Bancorp,247800000
AVIR,"Atea Pharmaceuticals, Inc.",247480000
TTEC,"TTEC Holdings, Inc.",245800000
NWFL,NORWOOD FINANCIAL CORP,245260000
GOCO,"GoHealth, Inc.",245090000
HSHP,Himalaya Shipping Ltd.,244960000
EVBN,EVANS BANCORP INC,244780000
BPRN,"Princeton Bancorp, Inc.",244460000
RMAX,"RE/MAX Holdings, Inc.",243260000
LUNG,Pulmonx Corp,243250000
LCNB,LCNB CORP,242270000
NAUT,"Nautilus Biotechnology, Inc.",241080000
KFS,KINGSWAY FINANCIAL SERVICES INC,239880000
BHR,Braemar Hotels & Resorts Inc.,239480000
ZNTL,"Zentalis Pharmaceuticals, Inc.",238030000
AEVA,"Aeva Technologies, Inc.",236010000
TBI,"TrueBlue, Inc.",235580000
LXRX,"LEXICON PHARMACEUTICALS, INC.",234970000
PFMT,Performant Financial Corp,234090000
CVLY,CODORUS VALLEY BANCORP INC,232280000
NC,NACCO INDUSTRIES INC,229420000
STRO,"SUTRO BIOPHARMA, INC.",229240000
PLL,Piedmont Lithium Inc.,228980000
CIO,"City Office REIT, Inc.",228880000
INGN,Inogen Inc,227470000
CPSS,"CONSUMER PORTFOLIO SERVICES, INC.",227320000
FF,FutureFuel Corp.,226690000
PGEN,"PRECIGEN, INC.",226390000
VABK,Virginia National Bankshares Corp,225580000
NXDT,NEXPOINT DIVERSIFIED REAL ESTATE TRUST,225560000
ONL,Orion Office REIT Inc.,224350000
BMEA,"Biomea Fusion, Inc.",224320000
BCBP,BCB BANCORP INC,222480000
HMST,"HomeStreet, Inc.",221760000
AMPX,"Amprius Technologies, Inc.",221200000
EP,EMPIRE PETROLEUM CORP,218950000
AOMR,"Angel Oak Mortgage REIT, Inc.",218890000
MACK,MERRIMACK PHARMACEUTICALS INC,218660000
INBX,"Inhibrx, Inc.",218590000
MED,MEDIFAST INC,218320000
AVNW,"AVIAT NETWORKS, INC.",216750000
UTMD,UTAH MEDICAL PRODUCTS INC,216180000
ESCA,ESCALADE INC,215510000
ALEC,"Alector, Inc.",215450000
EVC,ENTRAVISION COMMUNICATIONS CORP,215070000
MGNX,MACROGENICS INC,212770000
ALCO,"ALICO, INC.",210670000
CMPX,"Compass Therapeutics, Inc.",210510000
RGCO,RGC RESOURCES INC,209680000
MYFW,First Western Financial Inc,209420000
ESSA,"ESSA Bancorp, Inc.",208810000
AFCG,"AFC Gamma, Inc.",208330000
FOA,Finance of America Companies Inc.,208260000
WISH,ContextLogic Inc.,207650000
DOUG,Douglas Elliman Inc.,205080000
ZVIA,Zevia PBC,204440000
HQI,"HireQuest, Inc.",204120000
RELL,"RICHARDSON ELECTRONICS, LTD.",202190000
TCX,TUCOWS INC /PA/,202050000
STRS,STRATUS PROPERTIES INC,201020000
TRVI,"Trevi Therapeutics, Inc.",199850000
FCEL,FUELCELL ENERGY INC,199050000
FCCO,FIRST COMMUNITY CORP /SC/,198580000
TDUP,ThredUp Inc.,197940000
LNZA,"LanzaTech Global, Inc.",197780000
HFFG,HF Foods Group Inc.,196710000
BCOV,BRIGHTCOVE INC,195440000
CDLX,"Cardlytics, Inc.",194650000
SWKH,SWK Holdings Corp,194390000
NKSH,NATIONAL BANKSHARES INC,193060000
CMCL,Caledonia Mining Corp Plc,192722432
ARAY,ACCURAY INC,192080000
SLDP,"Solid Power, Inc.",191210000
EPM,EVOLUTION PETROLEUM CORP,190820000
ATOM,Atomera Inc,190220000
RPHM,"OnKure Therapeutics, Inc.",189420000
ELA,Envela Corp,188990000
OBIO,"Orchestra BioMed Holdings, Inc.",188550000
SGHT,"Sight Sciences, Inc.",187790000
INFU,"InfuSystem Holdings, Inc",187540000
GPRO,"GoPro, Inc.",187260000
NKTX,"Nkarta, Inc.",186300000
MVIS,"MICROVISION, INC.",185970000
BW,"Babcock & Wilcox Enterprises, Inc.",185800000
RMNI,"Rimini Street, Inc.",185480000
SSP,E.W. SCRIPPS Co,183950000
PEPG,PepGen Inc.,183510000
FET,"FORUM ENERGY TECHNOLOGIES, INC.",182540000
CCRD,CoreCard Corp,182360000
SPCE,"Virgin Galactic Holdings, Inc",181920000
SKIN,Beauty Health Co,181220000
VUZI,Vuzix Corp,181090000
PMTS,CPI Card Group Inc.,180850000
PAYS,"Paysign, Inc.",180460000
III,Information Services Group Inc.,179110000
SMHI,SEACOR Marine Holdings Inc.,178860000
FRGE,"Forge Global Holdings, Inc.",178450000
CRBU,"Caribou Biosciences, Inc.",178390000
SRI,STONERIDGE INC,178030000
CLAR,Clarus Corp,177620000
VTYX,"Ventyx Biosciences, Inc.",177480000
ORGN,"Origin Materials, Inc.",176960000
HOFT,HOOKER FURNISHINGS Corp,176020000
TSVT,"2seventy bio, Inc.",175920000
JRVR,"James River Group Holdings, Ltd.",175910000
JYNT,JOINT Corp,174560000
CHRS,"Coherus BioSciences, Inc.",173970000
QSI,Quantum-Si Inc,171260000
AVD,AMERICAN VANGUARD CORP,171000000
ENTA,ENANTA PHARMACEUTICALS INC,169770000
KRMD,"KORU Medical Systems, Inc.",166850000
SCPH,scPharmaceuticals Inc.,166630000
VOXX,VOXX International Corp,163840000
DC,Dakota Gold Corp.,163190000
MKTW,"MARKETWISE, INC.",163130000
RCKY,"ROCKY BRANDS, INC.",162720000
EHTH,"eHealth, Inc.",162100000
GPMT,Granite Point Mortgage Trust Inc.,161860000
RILY,"B. Riley Financial, Inc.",161470000
BOOM,DMC Global Inc.,160410000
BLNK,Blink Charging Co.,159860000
FLL,FULL HOUSE RESORTS INC,159850000
INZY,"Inozyme Pharma, Inc.",159320000
CABA,"Cabaletta Bio, Inc.",158850000
TSQ,"Townsquare Media, Inc.",157800000
EDIT,"Editas Medicine, Inc.",157670000
FENC,FENNEC PHARMACEUTICALS INC.,156910000
SSTI,"SOUNDTHINKING, INC.",156030000
ATLO,AMES NATIONAL CORP,156010000
TUSK,"MAMMOTH ENERGY SERVICES, INC.",154490000
TSE,Trinseo PLC,153290000
PLCE,Children's Place Inc-The,152750000
NVRO,NEVRO CORP,152510000
VRA,"Vera Bradley, Inc.",152420000
EGAN,EGAIN Corp,150890000
MHLD,"Maiden Holdings, Ltd.",148980000
CTGO,"Contango ORE, Inc.",148700000
CMT,CORE MOLDING TECHNOLOGIES INC,148210000
APPS,"Digital Turbine, Inc.",147290000
SAVA,CASSAVA SCIENCES INC,147220000
STHO,Star Holdings,146780000
SEER,"Seer, Inc.",144470000
IAUX,i-80 Gold Corp.,144440000
SES,SES AI Corp,143770000
MNSB,"MainStreet Bancshares, Inc.",143700000
AMWL,American Well Corp,143240000
SGMT,Sagimet Biosciences Inc.,142940000
MCRB,"Seres Therapeutics, Inc.",139100000
DXLG,"DESTINATION XL GROUP, INC.",139030000
POWW,"AMMO, INC.",135380000
ACRV,"Acrivon Therapeutics, Inc.",134500000
TLYS,"TILLY'S, INC.",132070000
DM,"Desktop Metal, Inc.",131370000
SCWO,374Water Inc.,128050000
NGM,NGM BIOPHARMACEUTICALS INC,127040000
CNTY,CENTURY CASINOS INC /CO/,123650000
SKIL,Skillsoft Corp.,122220000
IPSC,"Century Therapeutics, Inc.",121590000
NOTE,"FiscalNote Holdings, Inc.",121450000
PLX,"Protalix BioTherapeutics, Inc.",120020000
DLTH,DULUTH HOLDINGS INC.,119470000
SCLX,Scilex Holding Co,118720000
SAVE,"Spirit Airlines, Inc.",118279448
SKYX,SKYX Platforms Corp.,115830000
KVHI,KVH INDUSTRIES INC \DE\,115630000
GRWG,GrowGeneration Corp.,112560000
MPLN,MultiPlan Corp,110130000
PETS,PETMED EXPRESS INC,109720000
TELA,"TELA Bio, Inc.",107920000
LCTX,"Lineage Cell Therapeutics, Inc.",107860000
PRPL,"Purple Innovation, Inc.",106443808
DTC,"Solo Brands, Inc.",105420000
CMTL,COMTECH TELECOMMUNICATIONS CORP /DE/,103392680
FOSL,"Fossil Group, Inc.",103200000
STKS,"ONE Group Hospitality, Inc.",102740000
AKYA,"Akoya Biosciences, Inc.",102600000
NKLA,Nikola Corp,100430000
KPTI,Karyopharm Therapeutics Inc.,99800000
QIPT,Quipt Home Medical Corp.,99690000
VERI,"Veritone, Inc.",99050000
ALLK,Allakos Inc.,98280000
INTT,INTEST CORP,96650000
ALXO,ALX ONCOLOGY HOLDINGS INC,95470000
VIGL,"Vigil Neuroscience, Inc.",94430000
OPRX,OptimizeRx Corp,94370000
ME,23andMe Holding Co.,94290000
HBIO,HARVARD BIOSCIENCE INC,93340000
HLVX,"HilleVax, Inc.",93140000
NVCT,"Nuvectis Pharma, Inc.",91970000
WW,"WW INTERNATIONAL, INC.",91840000
RRGB,RED ROBIN GOURMET BURGERS INC,91510000
GNLX,GENELUX Corp,90840000
ASRT,"Assertio Holdings, Inc.",90310000
SST,"System1, Inc.",88010000
RBOT,Vicarious Surgical Inc.,87970000
BLUE,"bluebird bio, Inc.",86290000
GBIO,Generation Bio Co.,85490000
DHX,"DHI GROUP, INC.",85060000
KLXE,"KLX Energy Services Holdings, Inc.",84300000
PMVP,"PMV Pharmaceuticals, Inc.",82280000
OPI,OFFICE PROPERTIES INCOME TRUST,82000000
LPSN,LIVEPERSON INC,81760000
MASS,908 Devices Inc.,81490000
ACET,"Adicet Bio, Inc.",81360000
IKNA,"Ikena Oncology, Inc.",81070000
CVGI,"Commercial Vehicle Group, Inc.",79690000
PIII,P3 Health Partners Inc.,78940000
TPIC,"TPI COMPOSITES, INC",78720000
VATE,INNOVATE Corp.,77710000
SPWH,"SPORTSMAN'S WAREHOUSE HOLDINGS, INC.",77210000
CLPR,Clipper Realty Inc.,76370000
BCAB,"BioAtla, Inc.",75420000
OPTN,"OptiNose, Inc.",75410000
PDSB,PDS Biotechnology Corp,74820000
UONEK,"URBAN ONE, INC.",74250000
UONE,"URBAN ONE, INC.",74250000
AVTE,"Aerovate Therapeutics, Inc.",73920000
AGEN,AGENUS INC,73660000
IVAC,INTEVAC INC,73640000
OVID,Ovid Therapeutics Inc.,73140000
ATRA,"Atara Biotherapeutics, Inc.",72050000
MURA,Mural Oncology plc,69950000
GWH,"ESS Tech, Inc.",68090000
CUE,"Cue Biopharma, Inc.",66519999
GLT,PH Glatfelter Co,66500000
IMRX,Immuneering Corp,66450000
XFOR,"X4 Pharmaceuticals, Inc",66340000
CATO,CATO CORP,62640000
OM,"Outset Medical, Inc.",62530000
BIRD,"Allbirds, Inc.",61240000
STEM,"STEM, INC.",61050000
LUNA,Luna Innovations Inc,60110000
AADI,"Aadi Bioscience, Inc.",58170000
VOR,Vor Biopharma Inc.,58030000
ALVR,"Allovir, Inc.",57650000
PRTS,"CarParts.com, Inc.",55300000
PRLD,Prelude Therapeutics Inc,51530000
LLAP,Terran Orbital Corp,51090000
KZR,"Kezar Life Sciences, Inc.",50710000
OMGA,"Omega Therapeutics, Inc.",49830000
VRCA,Verrica Pharmaceuticals Inc.,48340000
RLYB,Rallybio Corp,43980000
RENT,"Rent the Runway, Inc.",42840000
LICY,Li-Cycle Holdings Corp.,42720000
WKHS,Workhorse Group Inc.,41800000
FGEN,FIBROGEN INC,40840000
FTCI,"FTC Solar, Inc.",40772348
ATNM,"Actinium Pharmaceuticals, Inc.",37910000
BGFV,BIG 5 SPORTING GOODS Corp,37680000
RAPT,"RAPT Therapeutics, Inc.",36180000
XAIR,"Beyond Air, Inc.",35790000
OTLK,"Outlook Therapeutics, Inc.",34770000
ZURA,Zura Bio Ltd,33600000
CARM,Carisma Therapeutics Inc.,33070000
EVA,Enviva Inc.,31430000
DZSI,DZS INC.,31031520
NDLS,NOODLES & Co,30560000
CMBM,Cambium Networks Corp,29370000
FEAM,"5E Advanced Materials, Inc.",28930000
CTXR,"Citius Pharmaceuticals, Inc.",27199884
VGAS,"Verde Clean Fuels, Inc.",25600000
DFLI,Dragonfly Energy Holdings Corp.,22160000
SGH,SWEDISH EXPORT CREDIT CORP /SWED/,21650000
BHIL,"Benson Hill, Inc.",17000000
BTAI,"BioXcel Therapeutics, Inc.",16329999
RCEL,"AVITA Medical, Inc.",16309999
BGXX,Bright Green Corp,15694728
MRNS,"MARINUS PHARMACEUTICALS, INC.",15470000
AKTS,"Akoustis Technologies, Inc.",14933492
CARA,"Cara Therapeutics, Inc.",14770000
MOND,"Mondee Holdings, Inc.",13680000
GORV,"Lazydays Holdings, Inc.",13200000
TSBX,Turnstone Biologics Corp.,11100000
EGRX,Eagle Pharmaceuticals Inc-DE,11014470
EYEN,"EYENOVIA, INC.",8380000
CUTR,CUTERA INC,7990000
CNK,"Cinemark Holdings, Inc.",6530000
VTNR,Vertex Energy Inc.,4872095
MAXN,"Maxeon Solar Technologies, Ltd.",4260000
GRTS,"Gritstone bio, Inc.",3803110
LPTV,"Loop Media, Inc.",2990000
CMAX,"CareMax, Inc.",1610000
TIO,"Tingo Group, Inc.",1430000
PRST,Presto Automation Inc.,1255557
GRPH,"Graphite Bio, Inc.",20000
VAXX,"Vaxxinity, Inc.",12678
BRBS,Blue Ridge Bankshares Inc,0
PFBC,Preferred Bank-Los Angeles CA,0
